Time(UTC),Lev RAD (m)
2020-01-01 00:00:00,6.015222222222223
2020-01-01 01:00:00,6.361000000000001
2020-01-01 02:00:00,6.535428571428571
2020-01-01 03:00:00,6.661399999999999
2020-01-01 04:00:00,6.903470588235294
2020-01-01 05:00:00,7.0253749999999995
2020-01-01 06:00:00,6.906416666666666
2020-01-01 07:00:00,6.822666666666667
2020-01-01 08:00:00,6.693666666666666
2020-01-01 09:00:00,6.530375
2020-01-01 10:00:00,6.364099999999999
2020-01-01 11:00:00,6.42423076923077
2020-01-01 12:00:00,6.477785714285714
2020-01-01 13:00:00,6.583615384615384
2020-01-01 14:00:00,6.801818181818183
2020-01-01 15:00:00,7.03757142857143
2020-01-01 16:00:00,7.115941176470589
2020-01-01 17:00:00,7.100666666666666
2020-01-01 18:00:00,7.012636363636363
2020-01-01 19:00:00,6.8869
2020-01-01 20:00:00,6.582000000000001
2020-01-01 21:00:00,6.3090714285714276
2020-01-01 22:00:00,6.212727272727273
2020-01-01 23:00:00,6.103363636363636
2020-01-02 00:00:00,6.1152000000000015
2020-01-02 01:00:00,6.2782857142857145
2020-01-02 02:00:00,6.432899999999999
2020-01-02 03:00:00,6.6147857142857145
2020-01-02 04:00:00,6.873230769230768
2020-01-02 05:00:00,6.999071428571428
2020-01-02 06:00:00,6.972124999999999
2020-01-02 07:00:00,6.936538461538462
2020-01-02 08:00:00,6.818888888888889
2020-01-02 09:00:00,6.644000000000002
2020-01-02 10:00:00,6.516555555555556
2020-01-02 11:00:00,6.534615384615384
2020-01-02 12:00:00,6.486846153846154
2020-01-02 13:00:00,6.596666666666668
2020-01-02 14:00:00,6.739466666666666
2020-01-02 15:00:00,6.878999999999999
2020-01-02 16:00:00,6.979733333333333
2020-01-02 17:00:00,7.032714285714286
2020-01-02 18:00:00,6.974875
2020-01-02 19:00:00,6.8683000000000005
2020-01-02 20:00:00,6.718538461538462
2020-01-02 21:00:00,6.476923076923077
2020-01-02 22:00:00,6.356999999999999
2020-01-02 23:00:00,6.224909090909091
2020-01-03 00:00:00,6.189
2020-01-03 01:00:00,6.268000000000001
2020-01-03 02:00:00,6.385285714285715
2020-01-03 03:00:00,6.569357142857143
2020-01-03 04:00:00,6.799777777777778
2020-01-03 05:00:00,6.968666666666666
2020-01-03 06:00:00,7.016181818181818
2020-01-03 07:00:00,7.015833333333332
2020-01-03 08:00:00,6.945090909090909
2020-01-03 09:00:00,6.813066666666668
2020-01-03 10:00:00,6.6437857142857135
2020-01-03 11:00:00,6.599181818181819
2020-01-03 12:00:00,6.580833333333334
2020-01-03 13:00:00,6.536363636363635
2020-01-03 14:00:00,6.578777777777777
2020-01-03 15:00:00,6.684857142857142
2020-01-03 16:00:00,6.807818181818181
2020-01-03 17:00:00,6.927764705882353
2020-01-03 18:00:00,6.942846153846156
2020-01-03 19:00:00,6.890214285714285
2020-01-03 20:00:00,6.809888888888889
2020-01-03 21:00:00,6.671857142857143
2020-01-03 22:00:00,6.4912222222222224
2020-01-03 23:00:00,6.3595
2020-01-04 00:00:00,6.314812500000001
2020-01-04 01:00:00,6.3546666666666685
2020-01-04 02:00:00,6.366076923076923
2020-01-04 03:00:00,6.5108999999999995
2020-01-04 04:00:00,6.669666666666665
2020-01-04 05:00:00,6.8745625
2020-01-04 06:00:00,6.9789375
2020-01-04 07:00:00,7.022799999999999
2020-01-04 08:00:00,7.096187500000001
2020-01-04 09:00:00,6.999266666666666
2020-01-04 10:00:00,6.830500000000001
2020-01-04 11:00:00,6.779818181818181
2020-01-04 12:00:00,6.697
2020-01-04 13:00:00,6.581545454545455
2020-01-04 14:00:00,6.559785714285716
2020-01-04 15:00:00,6.613624999999999
2020-01-04 16:00:00,6.711384615384616
2020-01-04 17:00:00,6.739166666666667
2020-01-04 18:00:00,6.815733333333332
2020-01-04 19:00:00,6.8277
2020-01-04 20:00:00,6.822222222222222
2020-01-04 21:00:00,6.7205
2020-01-04 22:00:00,6.651333333333333
2020-01-04 23:00:00,6.550692307692307
2020-01-05 00:00:00,6.408666666666666
2020-01-05 01:00:00,6.40509090909091
2020-01-05 02:00:00,6.403777777777779
2020-01-05 03:00:00,6.476166666666667
2020-01-05 04:00:00,6.583150000000001
2020-01-05 05:00:00,6.776625000000001
2020-01-05 06:00:00,6.932999999999999
2020-01-05 07:00:00,7.008866666666668
2020-01-05 08:00:00,7.032000000000001
2020-01-05 09:00:00,7.066642857142857
2020-01-05 10:00:00,7.015625
2020-01-05 11:00:00,6.8828125
2020-01-05 12:00:00,6.768909090909091
2020-01-05 13:00:00,6.700888888888889
2020-01-05 14:00:00,6.589428571428572
2020-01-05 15:00:00,6.597714285714285
2020-01-05 16:00:00,6.5463125
2020-01-05 17:00:00,6.566000000000001
2020-01-05 18:00:00,6.574
2020-01-05 19:00:00,6.62653846153846
2020-01-05 20:00:00,6.7
2020-01-05 21:00:00,6.701099999999999
2020-01-05 22:00:00,6.6219375
2020-01-05 23:00:00,6.5994
2020-01-06 00:00:00,6.496999999999999
2020-01-06 01:00:00,6.4139
2020-01-06 02:00:00,6.3694999999999995
2020-01-06 03:00:00,6.430687499999999
2020-01-06 04:00:00,6.512538461538461
2020-01-06 05:00:00,6.5855
2020-01-06 06:00:00,6.700777777777777
2020-01-06 07:00:00,6.935705882352941
2020-01-06 08:00:00,7.024066666666665
2020-01-06 09:00:00,7.0509
2020-01-06 10:00:00,7.056545454545454
2020-01-06 11:00:00,7.015454545454546
2020-01-06 12:00:00,6.9125
2020-01-06 13:00:00,6.7188
2020-01-06 14:00:00,6.590090909090909
2020-01-06 15:00:00,6.435
2020-01-06 16:00:00,6.391
2020-01-06 17:00:00,6.370461538461539
2020-01-06 18:00:00,6.4154285714285715
2020-01-06 19:00:00,6.420714285714285
2020-01-06 20:00:00,6.538199999999999
2020-01-06 21:00:00,6.634583333333334
2020-01-06 22:00:00,6.644000000000001
2020-01-06 23:00:00,6.607125
2020-01-07 00:00:00,6.5886
2020-01-07 01:00:00,6.513375000000001
2020-01-07 02:00:00,6.435666666666666
2020-01-07 03:00:00,6.451312500000001
2020-01-07 04:00:00,6.462647058823528
2020-01-07 05:00:00,6.465999999999999
2020-01-07 06:00:00,6.637928571428572
2020-01-07 07:00:00,6.795000000000001
2020-01-07 08:00:00,6.982875
2020-01-07 09:00:00,7.125846153846154
2020-01-07 10:00:00,7.248083333333333
2020-01-07 11:00:00,7.226454545454545
2020-01-07 12:00:00,7.111666666666666
2020-01-07 13:00:00,7.005333333333333
2020-01-07 14:00:00,6.7837499999999995
2020-01-07 15:00:00,6.561666666666667
2020-01-07 16:00:00,6.398272727272727
2020-01-07 17:00:00,6.305428571428572
2020-01-07 18:00:00,6.2726999999999995
2020-01-07 19:00:00,6.2936
2020-01-07 20:00:00,6.384250000000001
2020-01-07 21:00:00,6.556
2020-01-07 22:00:00,6.639555555555557
2020-01-07 23:00:00,6.721733333333334
2020-01-08 00:00:00,6.7679230769230765
2020-01-08 01:00:00,6.655555555555556
2020-01-08 02:00:00,6.548263157894738
2020-01-08 03:00:00,6.4714
2020-01-08 04:00:00,6.445687500000001
2020-01-08 05:00:00,6.449833333333332
2020-01-08 06:00:00,6.4624
2020-01-08 07:00:00,6.650947368421053
2020-01-08 08:00:00,6.8045
2020-01-08 09:00:00,7.013571428571429
2020-01-08 10:00:00,7.232187500000001
2020-01-08 11:00:00,7.3295555555555545
2020-01-08 12:00:00,7.286636363636364
2020-01-08 13:00:00,7.1408125
2020-01-08 14:00:00,6.948545454545454
2020-01-08 15:00:00,6.693666666666666
2020-01-08 16:00:00,6.431333333333335
2020-01-08 17:00:00,6.219555555555556
2020-01-08 18:00:00,6.101642857142858
2020-01-08 19:00:00,6.135166666666667
2020-01-08 20:00:00,6.202071428571429
2020-01-08 21:00:00,6.380333333333333
2020-01-08 22:00:00,6.535333333333334
2020-01-08 23:00:00,6.708416666666666
2020-01-09 00:00:00,6.814727272727271
2020-01-09 01:00:00,6.764615384615384
2020-01-09 02:00:00,6.668000000000001
2020-01-09 03:00:00,6.553181818181819
2020-01-09 04:00:00,6.463
2020-01-09 05:00:00,6.3777333333333335
2020-01-09 06:00:00,6.383874999999999
2020-01-09 07:00:00,6.506916666666666
2020-01-09 08:00:00,6.6354999999999995
2020-01-09 09:00:00,6.841
2020-01-09 10:00:00,7.131600000000001
2020-01-09 11:00:00,7.334176470588236
2020-01-09 12:00:00,7.372166666666666
2020-01-09 13:00:00,7.353142857142857
2020-01-09 14:00:00,7.151625000000001
2020-01-09 15:00:00,6.82
2020-01-09 16:00:00,6.534000000000001
2020-01-09 17:00:00,6.264666666666668
2020-01-09 18:00:00,6.069000000000001
2020-01-09 19:00:00,5.945875
2020-01-09 20:00:00,6.3705
2020-01-09 21:00:00,6.177
2020-01-09 22:00:00,6.396249999999999
2020-01-09 23:00:00,6.613166666666666
2020-01-10 00:00:00,6.804250000000001
2020-01-10 01:00:00,6.8322142857142865
2020-01-10 02:00:00,6.855666666666666
2020-01-10 03:00:00,6.660352941176471
2020-01-10 04:00:00,6.515666666666665
2020-01-10 05:00:00,6.344526315789473
2020-01-10 06:00:00,6.303
2020-01-10 07:00:00,6.381285714285714
2020-01-10 08:00:00,6.5053333333333345
2020-01-10 09:00:00,6.739846153846154
2020-01-10 10:00:00,7.0768
2020-01-10 11:00:00,7.351562500000002
2020-01-10 12:00:00,7.491545454545454
2020-01-10 13:00:00,7.550894736842106
2020-01-10 14:00:00,7.413266666666667
2020-01-10 15:00:00,7.115636363636363
2020-01-10 16:00:00,6.836333333333333
2020-01-10 17:00:00,6.5035
2020-01-10 18:00:00,6.109374999999999
2020-01-10 19:00:00,5.983
2020-01-10 20:00:00,5.915615384615384
2020-01-10 21:00:00,6.0121875
2020-01-10 22:00:00,6.260333333333333
2020-01-10 23:00:00,6.489375000000001
2020-01-11 00:00:00,6.800416666666667
2020-01-11 01:00:00,6.891111111111112
2020-01-11 02:00:00,6.9222222222222225
2020-01-11 03:00:00,6.828555555555555
2020-01-11 04:00:00,6.689500000000001
2020-01-11 05:00:00,6.461461538461538
2020-01-11 06:00:00,6.326454545454545
2020-01-11 07:00:00,6.260749999999999
2020-01-11 08:00:00,6.330733333333334
2020-01-11 09:00:00,6.521333333333334
2020-01-11 10:00:00,6.836
2020-01-11 11:00:00,7.137333333333333
2020-01-11 12:00:00,7.4545
2020-01-11 13:00:00,7.567562499999998
2020-01-11 14:00:00,7.534076923076923
2020-01-11 15:00:00,7.378333333333334
2020-01-11 16:00:00,7.0729
2020-01-11 17:00:00,6.71775
2020-01-11 18:00:00,6.322666666666667
2020-01-11 19:00:00,6.031666666666666
2020-01-11 20:00:00,5.872375000000001
2020-01-11 21:00:00,5.9275
2020-01-11 22:00:00,6.033733333333333
2020-01-11 23:00:00,6.3495384615384625
2020-01-12 00:00:00,6.666777777777778
2020-01-12 01:00:00,6.8844
2020-01-12 02:00:00,6.994555555555555
2020-01-12 03:00:00,7.013749999999999
2020-01-12 04:00:00,6.8735333333333335
2020-01-12 05:00:00,6.615833333333334
2020-01-12 06:00:00,6.423466666666668
2020-01-12 07:00:00,6.281266666666666
2020-01-12 08:00:00,6.239000000000001
2020-01-12 09:00:00,6.378153846153846
2020-01-12 10:00:00,6.627647058823528
2020-01-12 11:00:00,6.971555555555555
2020-01-12 12:00:00,7.323083333333334
2020-01-12 13:00:00,7.591357142857142
2020-01-12 14:00:00,7.697083333333333
2020-01-12 15:00:00,7.5906666666666665
2020-01-12 16:00:00,7.388111111111112
2020-01-12 17:00:00,7.007454545454545
2020-01-12 18:00:00,6.6089090909090915
2020-01-12 19:00:00,6.232846153846154
2020-01-12 20:00:00,5.9755882352941185
2020-01-12 21:00:00,5.853555555555555
2020-01-12 22:00:00,5.916333333333333
2020-01-12 23:00:00,6.1721176470588235
2020-01-13 00:00:00,6.5006
2020-01-13 01:00:00,6.812846153846153
2020-01-13 02:00:00,7.016749999999999
2020-01-13 03:00:00,7.0891875
2020-01-13 04:00:00,7.0305
2020-01-13 05:00:00,6.826866666666668
2020-01-13 06:00:00,6.581333333333333
2020-01-13 07:00:00,6.3299
2020-01-13 08:00:00,6.217200000000001
2020-01-13 09:00:00,6.226636363636363
2020-01-13 10:00:00,6.430866666666666
2020-01-13 11:00:00,6.726
2020-01-13 12:00:00,7.1012499999999985
2020-01-13 13:00:00,7.4326428571428576
2020-01-13 14:00:00,7.6470625
2020-01-13 15:00:00,7.673384615384616
2020-01-13 16:00:00,7.555428571428572
2020-01-13 17:00:00,7.262
2020-01-13 18:00:00,6.807
2020-01-13 19:00:00,6.404499999999999
2020-01-13 20:00:00,6.041083333333333
2020-01-13 21:00:00,5.843153846153846
2020-01-13 22:00:00,5.8845
2020-01-13 23:00:00,6.0220714285714285
2020-01-14 00:00:00,6.280625000000001
2020-01-14 01:00:00,6.628780923712992
2020-01-14 02:00:00,6.944894736842105
2020-01-14 03:00:00,7.157769230769232
2020-01-14 04:00:00,7.186352941176472
2020-01-14 05:00:00,7.043999999999999
2020-01-14 06:00:00,6.814916666666668
2020-01-14 07:00:00,6.525722222222224
2020-01-14 08:00:00,6.292923076923076
2020-01-14 09:00:00,6.205923076923076
2020-01-14 10:00:00,6.269615384615384
2020-01-14 11:00:00,6.446999999999999
2020-01-14 12:00:00,6.764
2020-01-14 13:00:00,7.148
2020-01-14 14:00:00,7.4876000000000005
2020-01-14 15:00:00,7.6372857142857145
2020-01-14 16:00:00,7.605857142857142
2020-01-14 17:00:00,7.425222222222222
2020-01-14 18:00:00,7.087615384615385
2020-01-14 19:00:00,6.758125
2020-01-14 20:00:00,6.367749999999999
2020-01-14 21:00:00,6.27025
2020-01-14 22:00:00,5.917761904761906
2020-01-14 23:00:00,5.977600000000001
2020-01-15 00:00:00,6.23
2020-01-15 01:00:00,6.47
2020-01-15 02:00:00,6.786855605929903
2020-01-15 03:00:00,7.099615384615385
2020-01-15 04:00:00,7.238874999999999
2020-01-15 05:00:00,7.228461538461539
2020-01-15 06:00:00,7.035692307692307
2020-01-15 07:00:00,6.756642857142857
2020-01-15 08:00:00,6.476722222222222
2020-01-15 09:00:00,6.338562499999999
2020-01-15 10:00:00,6.259600000000001
2020-01-15 11:00:00,6.379076923076922
2020-01-15 12:00:00,6.631222222222223
2020-01-15 13:00:00,6.832153846153845
2020-01-15 14:00:00,7.120900000000001
2020-01-15 15:00:00,7.375785714285715
2020-01-15 16:00:00,7.469
2020-01-15 17:00:00,7.371583333333334
2020-01-15 18:00:00,7.198153846153847
2020-01-15 19:00:00,6.90875
2020-01-15 20:00:00,6.559666666666666
2020-01-15 21:00:00,6.208166666666667
2020-01-15 22:00:00,6.011272727272726
2020-01-15 23:00:00,5.918090909090908
2020-01-16 00:00:00,6.078545454545455
2020-01-16 01:00:00,6.287133333333333
2020-01-16 02:00:00,6.598470588235294
2020-01-16 03:00:00,6.918588235294119
2020-01-16 04:00:00,7.149799999999999
2020-01-16 05:00:00,7.254823529411765
2020-01-16 06:00:00,7.153538461538461
2020-01-16 07:00:00,6.972933333333333
2020-01-16 08:00:00,6.716083333333333
2020-01-16 09:00:00,6.435562499999999
2020-01-16 10:00:00,6.2581428571428575
2020-01-16 11:00:00,6.282333333333334
2020-01-16 12:00:00,6.342375
2020-01-16 13:00:00,6.5316363636363635
2020-01-16 14:00:00,6.797999999999999
2020-01-16 15:00:00,7.02325
2020-01-16 16:00:00,7.226333333333334
2020-01-16 17:00:00,7.276454545454547
2020-01-16 18:00:00,7.152857142857144
2020-01-16 19:00:00,6.957437499999999
2020-01-16 20:00:00,6.7375454545454545
2020-01-16 21:00:00,6.395250000000001
2020-01-16 22:00:00,6.188312499999999
2020-01-16 23:00:00,6.054222222222222
2020-01-17 00:00:00,6.0605
2020-01-17 01:00:00,6.173
2020-01-17 02:00:00,6.420999999999999
2020-01-17 03:00:00,6.728764705882354
2020-01-17 04:00:00,7.048555555555556
2020-01-17 05:00:00,7.232105263157896
2020-01-17 06:00:00,7.276533333333332
2020-01-17 07:00:00,7.176500000000001
2020-01-17 08:00:00,6.973500000000001
2020-01-17 09:00:00,6.71425
2020-01-17 10:00:00,6.505307692307692
2020-01-17 11:00:00,6.3629999999999995
2020-01-17 12:00:00,6.328900000000001
2020-01-17 13:00:00,6.384866666666668
2020-01-17 14:00:00,6.583230769230768
2020-01-17 15:00:00,6.7459999999999996
2020-01-17 16:00:00,6.960083333333333
2020-01-17 17:00:00,7.09425
2020-01-17 18:00:00,7.108769230769231
2020-01-17 19:00:00,7.03425
2020-01-17 20:00:00,6.81611111111111
2020-01-17 21:00:00,6.591333333333332
2020-01-17 22:00:00,6.380923076923076
2020-01-17 23:00:00,6.2004166666666665
2020-01-18 00:00:00,6.133500000000001
2020-01-18 01:00:00,6.252
2020-01-18 02:00:00,6.292428571428572
2020-01-18 03:00:00,6.549642857142857
2020-01-18 04:00:00,6.836181818181819
2020-01-18 05:00:00,7.061000000000001
2020-01-18 06:00:00,7.240312500000001
2020-01-18 07:00:00,7.220636363636363
2020-01-18 08:00:00,7.141066666666666
2020-01-18 09:00:00,6.95805882352941
2020-01-18 10:00:00,6.717285714285714
2020-01-18 11:00:00,6.4985
2020-01-18 12:00:00,6.4154285714285715
2020-01-18 13:00:00,6.332714285714286
2020-01-18 14:00:00,6.414999999999999
2020-01-18 15:00:00,6.457125
2020-01-18 16:00:00,6.628692307692306
2020-01-18 17:00:00,6.737611111111111
2020-01-18 18:00:00,6.856444444444445
2020-01-18 19:00:00,6.889846153846154
2020-01-18 20:00:00,6.8304
2020-01-18 21:00:00,6.664705882352941
2020-01-18 22:00:00,6.518266666666666
2020-01-18 23:00:00,6.343777777777778
2020-01-19 00:00:00,6.217642857142857
2020-01-19 01:00:00,6.164199999999999
2020-01-19 02:00:00,6.206583333333334
2020-01-19 03:00:00,6.3687499999999995
2020-01-19 04:00:00,6.549933333333334
2020-01-19 05:00:00,6.836866666666668
2020-01-19 06:00:00,7.056190476190478
2020-01-19 07:00:00,7.156352941176471
2020-01-19 08:00:00,7.163733333333334
2020-01-19 09:00:00,7.07625
2020-01-19 10:00:00,6.936875000000001
2020-01-19 11:00:00,6.756214285714286
2020-01-19 12:00:00,6.581333333333332
2020-01-19 13:00:00,6.396357142857143
2020-01-19 14:00:00,6.351555555555556
2020-01-19 15:00:00,6.310428571428572
2020-01-19 16:00:00,6.354615384615385
2020-01-19 17:00:00,6.487846153846153
2020-01-19 18:00:00,6.582583333333333
2020-01-19 19:00:00,6.659894736842105
2020-01-19 20:00:00,6.697916666666668
2020-01-19 21:00:00,6.6982727272727285
2020-01-19 22:00:00,6.605647058823529
2020-01-19 23:00:00,6.483916666666668
2020-01-20 00:00:00,6.407
2020-01-20 01:00:00,6.3125
2020-01-20 02:00:00,6.252000000000002
2020-01-20 03:00:00,6.312947368421054
2020-01-20 04:00:00,6.4975000000000005
2020-01-20 05:00:00,6.676999999999999
2020-01-20 06:00:00,6.864166666666666
2020-01-20 07:00:00,7.063375000000001
2020-01-20 08:00:00,7.158565217391305
2020-01-20 09:00:00,7.2012307692307695
2020-01-20 10:00:00,7.131933333333334
2020-01-20 11:00:00,7.049199999999999
2020-01-20 12:00:00,6.860833333333335
2020-01-20 13:00:00,6.670142857142857
2020-01-20 14:00:00,6.466857142857144
2020-01-20 15:00:00,6.394
2020-01-20 16:00:00,6.309
2020-01-20 17:00:00,6.232666666666667
2020-01-20 18:00:00,6.337375
2020-01-20 19:00:00,6.438307692307692
2020-01-20 20:00:00,6.556285714285714
2020-01-20 21:00:00,6.633090909090909
2020-01-20 22:00:00,6.670416666666665
2020-01-20 23:00:00,6.638
2020-01-21 00:00:00,6.628333333333333
2020-01-21 01:00:00,6.495916666666667
2020-01-21 02:00:00,6.3315
2020-01-21 03:00:00,6.3435263157894735
2020-01-21 04:00:00,6.389272727272728
2020-01-21 05:00:00,6.493857142857143
2020-01-21 06:00:00,6.647
2020-01-21 07:00:00,6.884600000000001
2020-01-21 08:00:00,7.057000000000001
2020-01-21 09:00:00,7.213181818181818
2020-01-21 10:00:00,7.23275
2020-01-21 11:00:00,7.240857142857144
2020-01-21 12:00:00,7.151333333333333
2020-01-21 13:00:00,6.881
2020-01-21 14:00:00,6.6625000000000005
2020-01-21 15:00:00,6.481769230769232
2020-01-21 16:00:00,6.234375
2020-01-21 17:00:00,6.149933333333334
2020-01-21 18:00:00,6.195500000000001
2020-01-21 19:00:00,6.234266666666667
2020-01-21 20:00:00,6.3576
2020-01-21 21:00:00,6.50370588235294
2020-01-21 22:00:00,6.615888888888888
2020-01-21 23:00:00,6.693999999999999
2020-01-22 00:00:00,6.674833333333332
2020-01-22 01:00:00,6.576249999999999
2020-01-22 02:00:00,6.496666666666665
2020-01-22 03:00:00,6.404615384615385
2020-01-22 04:00:00,6.336200000000001
2020-01-22 05:00:00,6.365875
2020-01-22 06:00:00,6.4607
2020-01-22 07:00:00,6.5802941176470595
2020-01-22 08:00:00,6.816166666666668
2020-01-22 09:00:00,7.0513125
2020-01-22 10:00:00,7.237599999999999
2020-01-22 11:00:00,7.261111111111112
2020-01-22 12:00:00,7.3117
2020-01-22 13:00:00,7.155125
2020-01-22 14:00:00,6.888076923076922
2020-01-22 15:00:00,6.6708
2020-01-22 16:00:00,6.363181818181817
2020-01-22 17:00:00,6.172285714285715
2020-01-22 18:00:00,6.033111111111111
2020-01-22 19:00:00,6.0133636363636365
2020-01-22 20:00:00,6.129529411764706
2020-01-22 21:00:00,6.292692307692308
2020-01-22 22:00:00,6.5159090909090915
2020-01-22 23:00:00,6.689
2020-01-23 00:00:00,6.779631578947368
2020-01-23 01:00:00,6.768692307692307
2020-01-23 02:00:00,6.721000000000001
2020-01-23 03:00:00,6.552933333333334
2020-01-23 04:00:00,6.408421052631579
2020-01-23 05:00:00,6.367999999999999
2020-01-23 06:00:00,6.333800000000001
2020-01-23 07:00:00,6.447
2020-01-23 08:00:00,6.630450000000001
2020-01-23 09:00:00,6.8629999999999995
2020-01-23 10:00:00,7.0837142857142865
2020-01-23 11:00:00,7.31775
2020-01-23 12:00:00,7.419571428571429
2020-01-23 13:00:00,7.3299090909090925
2020-01-23 14:00:00,7.018666666666667
2020-01-23 15:00:00,6.848142857142857
2020-01-23 16:00:00,6.557249999999999
2020-01-23 17:00:00,6.209272727272728
2020-01-23 18:00:00,6.049090909090908
2020-01-23 19:00:00,6.074
2020-01-23 20:00:00,6.003818181818182
2020-01-23 21:00:00,6.150187499999999
2020-01-23 22:00:00,6.331500000000001
2020-01-23 23:00:00,6.610200000000001
2020-01-24 00:00:00,6.814285714285714
2020-01-24 01:00:00,6.889
2020-01-24 02:00:00,6.863499999999999
2020-01-24 03:00:00,6.689466666666667
2020-01-24 04:00:00,6.521666666666667
2020-01-24 05:00:00,6.3828999999999985
2020-01-24 06:00:00,6.2490000000000006
2020-01-24 07:00:00,6.2446
2020-01-24 08:00:00,6.382133333333333
2020-01-24 09:00:00,6.6221578947368425
2020-01-24 10:00:00,6.863333333333333
2020-01-24 11:00:00,7.173470588235296
2020-01-24 12:00:00,7.346375000000002
2020-01-24 13:00:00,7.409133333333332
2020-01-24 14:00:00,7.25909090909091
2020-01-24 15:00:00,7.0871666666666675
2020-01-24 16:00:00,6.778666666666667
2020-01-24 17:00:00,6.418928571428571
2020-01-24 18:00:00,6.134818181818182
2020-01-24 19:00:00,5.939666666666667
2020-01-24 20:00:00,5.843266666666666
2020-01-24 21:00:00,5.963374999999998
2020-01-24 22:00:00,6.218124999999999
2020-01-24 23:00:00,6.4548000000000005
2020-01-25 00:00:00,6.70342857142857
2020-01-25 01:00:00,6.835470588235295
2020-01-25 02:00:00,6.9163749999999995
2020-01-25 03:00:00,6.819684210526316
2020-01-25 04:00:00,6.6345
2020-01-25 05:00:00,6.4985384615384625
2020-01-25 06:00:00,6.31025
2020-01-25 07:00:00,6.2364999999999995
2020-01-25 08:00:00,6.266214285714286
2020-01-25 09:00:00,6.396666666666666
2020-01-25 10:00:00,6.642714285714287
2020-01-25 11:00:00,6.9702
2020-01-25 12:00:00,7.267363636363637
2020-01-25 13:00:00,7.391846153846154
2020-01-25 14:00:00,7.415555555555557
2020-01-25 15:00:00,7.2414000000000005
2020-01-25 16:00:00,6.972857142857142
2020-01-25 17:00:00,6.608388888888889
2020-01-25 18:00:00,6.256666666666667
2020-01-25 19:00:00,6.021285714285715
2020-01-25 20:00:00,5.827272727272727
2020-01-25 21:00:00,5.8678
2020-01-25 22:00:00,6.018461538461539
2020-01-25 23:00:00,6.2918571428571415
2020-01-26 00:00:00,6.564272727272726
2020-01-26 01:00:00,6.797099999999999
2020-01-26 02:00:00,6.909166666666667
2020-01-26 03:00:00,6.946923076923077
2020-01-26 04:00:00,6.822764705882353
2020-01-26 05:00:00,6.646333333333332
2020-01-26 06:00:00,6.4031
2020-01-26 07:00:00,6.227285714285714
2020-01-26 08:00:00,6.177812499999999
2020-01-26 09:00:00,6.240899999999999
2020-01-26 10:00:00,6.486785714285714
2020-01-26 11:00:00,6.769111111111112
2020-01-26 12:00:00,7.1290000000000004
2020-01-26 13:00:00,7.3203749999999985
2020-01-26 14:00:00,7.4731499999999995
2020-01-26 15:00:00,7.4093636363636355
2020-01-26 16:00:00,7.1731538461538475
2020-01-26 17:00:00,6.8233125
2020-01-26 18:00:00,6.471705882352942
2020-01-26 19:00:00,6.138333333333334
2020-01-26 20:00:00,5.9764
2020-01-26 21:00:00,5.9066363636363635
2020-01-26 22:00:00,5.95688888888889
2020-01-26 23:00:00,6.164000000000001
2020-01-27 00:00:00,6.468928571428571
2020-01-27 01:00:00,6.81475
2020-01-27 02:00:00,6.940181818181818
2020-01-27 03:00:00,7.002
2020-01-27 04:00:00,6.964714285714286
2020-01-27 05:00:00,6.794733333333335
2020-01-27 06:00:00,6.519176470588237
2020-01-27 07:00:00,6.305181818181818
2020-01-27 08:00:00,6.197846153846153
2020-01-27 09:00:00,6.1812
2020-01-27 10:00:00,6.303000000000001
2020-01-27 11:00:00,6.579749999999999
2020-01-27 12:00:00,6.797062499999999
2020-01-27 13:00:00,7.170750000000002
2020-01-27 14:00:00,7.34490909090909
2020-01-27 15:00:00,7.411615384615386
2020-01-27 16:00:00,7.2776000000000005
2020-01-27 17:00:00,6.986899999999999
2020-01-27 18:00:00,6.648999999999999
2020-01-27 19:00:00,6.327
2020-01-27 20:00:00,5.99
2020-01-27 21:00:00,5.895714285714286
2020-01-27 22:00:00,5.865
2020-01-27 23:00:00,6.067
2020-01-28 00:00:00,6.3211176470588235
2020-01-28 01:00:00,6.618
2020-01-28 02:00:00,6.884909090909091
2020-01-28 03:00:00,7.031700000000001
2020-01-28 04:00:00,7.027533333333334
2020-01-28 05:00:00,6.882176470588235
2020-01-28 06:00:00,6.679181818181818
2020-01-28 07:00:00,6.395062500000001
2020-01-28 08:00:00,6.272933333333333
2020-01-28 09:00:00,6.203833333333333
2020-01-28 10:00:00,6.230666666666667
2020-01-28 11:00:00,6.4333846153846155
2020-01-28 12:00:00,6.7669999999999995
2020-01-28 13:00:00,7.033956482278779
2020-01-28 14:00:00,7.2201875
2020-01-28 15:00:00,7.371000000000001
2020-01-28 16:00:00,7.302
2020-01-28 17:00:00,7.072090909090909
2020-01-28 18:00:00,6.80107142857143
2020-01-28 19:00:00,6.471000000000001
2020-01-28 20:00:00,6.1312
2020-01-28 21:00:00,5.93825
2020-01-28 22:00:00,5.920999999999999
2020-01-28 23:00:00,6.080352076791187
2020-01-29 00:00:00,6.298321346777073
2020-01-29 01:00:00,6.598615384615384
2020-01-29 02:00:00,6.8986
2020-01-29 03:00:00,7.0334166666666675
2020-01-29 04:00:00,7.102818181818183
2020-01-29 05:00:00,7.018733333333333
2020-01-29 06:00:00,6.826466666666666
2020-01-29 07:00:00,6.5607
2020-01-29 08:00:00,6.364285714285714
2020-01-29 09:00:00,6.282
2020-01-29 10:00:00,6.2855
2020-01-29 11:00:00,6.308909090909092
2020-01-29 12:00:00,6.509363636363637
2020-01-29 13:00:00,6.812666666666668
2020-01-29 14:00:00,7.0607
2020-01-29 15:00:00,7.2727
2020-01-29 16:00:00,7.259461538461538
2020-01-29 17:00:00,7.140866666666667
2020-01-29 18:00:00,6.9192
2020-01-29 19:00:00,6.622384615384616
2020-01-29 20:00:00,6.273733333333333
2020-01-29 21:00:00,6.075666666666667
2020-01-29 22:00:00,5.9760909090909085
2020-01-29 23:00:00,6.048
2020-01-30 00:00:00,6.2071250000000004
2020-01-30 01:00:00,6.553571428571429
2020-01-30 02:00:00,6.739999999999999
2020-01-30 03:00:00,7.0320833333333335
2020-01-30 04:00:00,7.146176470588237
2020-01-30 05:00:00,7.146166666666666
2020-01-30 06:00:00,7.004733333333332
2020-01-30 07:00:00,6.751647058823529
2020-01-30 08:00:00,6.522833333333334
2020-01-30 09:00:00,6.3523000000000005
2020-01-30 10:00:00,6.277299999999999
2020-01-30 11:00:00,6.349545454545455
2020-01-30 12:00:00,6.475
2020-01-30 13:00:00,6.697
2020-01-30 14:00:00,6.914
2020-01-30 15:00:00,7.203375
2020-01-30 16:00:00,7.251099999999999
2020-01-30 17:00:00,7.214125
2020-01-30 18:00:00,7.061285714285714
2020-01-30 19:00:00,6.805727272727273
2020-01-30 20:00:00,6.477625000000001
2020-01-30 21:00:00,6.262764705882354
2020-01-30 22:00:00,6.181142857142857
2020-01-30 23:00:00,6.081538461538461
2020-01-31 00:00:00,6.197
2020-01-31 01:00:00,6.4754000000000005
2020-01-31 02:00:00,6.687166666666666
2020-01-31 03:00:00,6.93309090909091
2020-01-31 04:00:00,7.137076923076923
2020-01-31 05:00:00,7.1856428571428586
2020-01-31 06:00:00,7.1329375
2020-01-31 07:00:00,6.9558333333333335
2020-01-31 08:00:00,6.7155
2020-01-31 09:00:00,6.5089999999999995
2020-01-31 10:00:00,6.35
2020-01-31 11:00:00,6.289785714285714
2020-01-31 12:00:00,6.396833333333333
2020-01-31 13:00:00,6.533333333333333
2020-01-31 14:00:00,6.771300000000001
2020-01-31 15:00:00,6.9342500000000005
2020-01-31 16:00:00,7.1049999999999995
2020-01-31 17:00:00,7.080947368421052
2020-01-31 18:00:00,7.0318
2020-01-31 19:00:00,6.842333333333333
2020-01-31 20:00:00,6.60275
2020-01-31 21:00:00,6.3582
2020-01-31 22:00:00,6.2159
2020-01-31 23:00:00,6.168666666666667
2020-02-01 00:00:00,6.195846153846154
2020-02-01 01:00:00,6.3542
2020-02-01 02:00:00,6.594333333333334
2020-02-01 03:00:00,6.861533333333333
2020-02-01 04:00:00,7.033500000000001
2020-02-01 05:00:00,7.1745
2020-02-01 06:00:00,7.167285714285716
2020-02-01 07:00:00,7.0678
2020-02-01 08:00:00,6.861266666666666
2020-02-01 09:00:00,6.670583333333333
2020-02-01 10:00:00,6.522846153846155
2020-02-01 11:00:00,6.449
2020-02-01 12:00:00,6.454454545454545
2020-02-01 13:00:00,6.502999999999999
2020-02-01 14:00:00,6.590818181818182
2020-02-01 15:00:00,6.784187499999999
2020-02-01 16:00:00,6.919812500000001
2020-02-01 17:00:00,6.977142857142857
2020-02-01 18:00:00,6.953083333333333
2020-02-01 19:00:00,6.812875
2020-02-01 20:00:00,6.628333333333334
2020-02-01 21:00:00,6.473181818181817
2020-02-01 22:00:00,6.321999999999999
2020-02-01 23:00:00,6.221615384615384
2020-02-02 00:00:00,6.247428571428571
2020-02-02 01:00:00,6.367714285714285
2020-02-02 02:00:00,6.5269
2020-02-02 03:00:00,6.769799999999999
2020-02-02 04:00:00,7.016454545454545
2020-02-02 05:00:00,7.1299230769230775
2020-02-02 06:00:00,7.1634
2020-02-02 07:00:00,7.124777777777776
2020-02-02 08:00:00,7.002454545454547
2020-02-02 09:00:00,6.854
2020-02-02 10:00:00,6.6756666666666655
2020-02-02 11:00:00,6.543
2020-02-02 12:00:00,6.474785714285715
2020-02-02 13:00:00,6.49175
2020-02-02 14:00:00,6.536636363636364
2020-02-02 15:00:00,6.6695625000000005
2020-02-02 16:00:00,6.770611111111111
2020-02-02 17:00:00,6.8063
2020-02-02 18:00:00,6.875066666666668
2020-02-02 19:00:00,6.860374999999999
2020-02-02 20:00:00,6.688899999999999
2020-02-02 21:00:00,6.57888888888889
2020-02-02 22:00:00,6.4505384615384616
2020-02-02 23:00:00,6.349833333333334
2020-02-03 00:00:00,6.341307692307691
2020-02-03 01:00:00,6.3901
2020-02-03 02:00:00,6.459125
2020-02-03 03:00:00,6.624846153846153
2020-02-03 04:00:00,6.849272727272728
2020-02-03 05:00:00,6.9948999999999995
2020-02-03 06:00:00,7.121642857142857
2020-02-03 07:00:00,7.107266666666666
2020-02-03 08:00:00,7.076
2020-02-03 09:00:00,6.972363636363638
2020-02-03 10:00:00,6.837590909090909
2020-02-03 11:00:00,6.6934
2020-02-03 12:00:00,6.614636363636364
2020-02-03 13:00:00,6.413437499999999
2020-02-03 14:00:00,6.473647058823529
2020-02-03 15:00:00,6.524666666666665
2020-02-03 16:00:00,6.581818181818182
2020-02-03 17:00:00,6.6376923076923084
2020-02-03 18:00:00,6.690583333333333
2020-02-03 19:00:00,6.728090909090909
2020-02-03 20:00:00,6.696733333333335
2020-02-03 21:00:00,6.621818181818181
2020-02-03 22:00:00,6.576000000000001
2020-02-03 23:00:00,6.4845
2020-02-04 00:00:00,6.420333333333333
2020-02-04 01:00:00,6.408
2020-02-04 02:00:00,6.472799999999999
2020-02-04 03:00:00,6.532583333333334
2020-02-04 04:00:00,6.685666666666666
2020-02-04 05:00:00,6.875812499999999
2020-02-04 06:00:00,6.9843
2020-02-04 07:00:00,7.0514
2020-02-04 08:00:00,7.099909090909091
2020-02-04 09:00:00,7.047666666666665
2020-02-04 10:00:00,6.96775
2020-02-04 11:00:00,6.848187499999998
2020-02-04 12:00:00,6.741181818181818
2020-02-04 13:00:00,6.628117647058823
2020-02-04 14:00:00,6.522636363636362
2020-02-04 15:00:00,6.4621538461538455
2020-02-04 16:00:00,6.443090909090909
2020-02-04 17:00:00,6.465333333333333
2020-02-04 18:00:00,6.531999999999998
2020-02-04 19:00:00,6.574499999999999
2020-02-04 20:00:00,6.584230769230768
2020-02-04 21:00:00,6.596
2020-02-04 22:00:00,6.623153846153846
2020-02-04 23:00:00,6.567230769230767
2020-02-05 00:00:00,6.511600000000001
2020-02-05 01:00:00,6.552818181818181
2020-02-05 02:00:00,6.513166666666666
2020-02-05 03:00:00,6.549666666666666
2020-02-05 04:00:00,6.6136
2020-02-05 05:00:00,6.759333333333333
2020-02-05 06:00:00,6.904866666666667
2020-02-05 07:00:00,6.979571428571428
2020-02-05 08:00:00,7.122466666666668
2020-02-05 09:00:00,7.190545454545455
2020-02-05 10:00:00,7.161000000000001
2020-02-05 11:00:00,7.084666666666667
2020-02-05 12:00:00,6.9636
2020-02-05 13:00:00,6.822
2020-02-05 14:00:00,6.61153846153846
2020-02-05 15:00:00,6.506769230769231
2020-02-05 16:00:00,6.364444444444444
2020-02-05 17:00:00,6.327533333333332
2020-02-05 18:00:00,6.311
2020-02-05 19:00:00,6.422099999999999
2020-02-05 20:00:00,6.492166666666666
2020-02-05 21:00:00,6.5785
2020-02-05 22:00:00,6.627
2020-02-05 23:00:00,6.659916666666668
2020-02-06 00:00:00,6.6673333333333344
2020-02-06 01:00:00,6.584
2020-02-06 02:00:00,6.572500000000001
2020-02-06 03:00:00,6.553555555555555
2020-02-06 04:00:00,6.5101249999999995
2020-02-06 05:00:00,6.596666666666667
2020-02-06 06:00:00,6.6918750000000005
2020-02-06 07:00:00,6.799
2020-02-06 08:00:00,6.949166666666667
2020-02-06 09:00:00,7.1034999999999995
2020-02-06 10:00:00,7.185999999999999
2020-02-06 11:00:00,7.190125
2020-02-06 12:00:00,7.168125
2020-02-06 13:00:00,6.992470588235294
2020-02-06 14:00:00,6.803142857142857
2020-02-06 15:00:00,6.5798571428571435
2020-02-06 16:00:00,6.3402
2020-02-06 17:00:00,6.193066666666667
2020-02-06 18:00:00,6.24675
2020-02-06 19:00:00,6.164411764705882
2020-02-06 20:00:00,6.3005
2020-02-06 21:00:00,6.420444444444445
2020-02-06 22:00:00,6.594733333333333
2020-02-06 23:00:00,6.719571428571428
2020-02-07 00:00:00,6.744176470588235
2020-02-07 01:00:00,6.6972499999999995
2020-02-07 02:00:00,6.662857142857143
2020-02-07 03:00:00,6.5569999999999995
2020-02-07 04:00:00,6.477941176470589
2020-02-07 05:00:00,6.490777777777778
2020-02-07 06:00:00,6.492785714285715
2020-02-07 07:00:00,6.619818181818181
2020-02-07 08:00:00,6.7951250000000005
2020-02-07 09:00:00,7.027875
2020-02-07 10:00:00,7.207949999999999
2020-02-07 11:00:00,7.324333333333333
2020-02-07 12:00:00,7.357416666666666
2020-02-07 13:00:00,7.261599999999999
2020-02-07 14:00:00,7.015190476190476
2020-02-07 15:00:00,6.788000000000001
2020-02-07 16:00:00,6.498555555555555
2020-02-07 17:00:00,6.239384615384615
2020-02-07 18:00:00,6.08375
2020-02-07 19:00:00,6.049899999999999
2020-02-07 20:00:00,6.100750000000001
2020-02-07 21:00:00,6.260285714285715
2020-02-07 22:00:00,6.472692307692309
2020-02-07 23:00:00,6.703950000000001
2020-02-08 00:00:00,6.857428571428572
2020-02-08 01:00:00,6.8314545454545454
2020-02-08 02:00:00,6.825999999999999
2020-02-08 03:00:00,6.636631578947368
2020-02-08 04:00:00,6.4856875
2020-02-08 05:00:00,6.3995625
2020-02-08 06:00:00,6.377133333333334
2020-02-08 07:00:00,6.431285714285714
2020-02-08 08:00:00,6.607125
2020-02-08 09:00:00,6.827600000000001
2020-02-08 10:00:00,7.109916666666666
2020-02-08 11:00:00,7.313750000000001
2020-02-08 12:00:00,7.4788
2020-02-08 13:00:00,7.478500000000001
2020-02-08 14:00:00,7.285777777777778
2020-02-08 15:00:00,7.0338
2020-02-08 16:00:00,6.711727272727273
2020-02-08 17:00:00,6.346222222222222
2020-02-08 18:00:00,6.079250000000001
2020-02-08 19:00:00,5.962727272727273
2020-02-08 20:00:00,5.956
2020-02-08 21:00:00,6.050571428571429
2020-02-08 22:00:00,6.320875
2020-02-08 23:00:00,6.6206000000000005
2020-02-09 00:00:00,6.82923076923077
2020-02-09 01:00:00,6.980444444444443
2020-02-09 02:00:00,6.946285714285714
2020-02-09 03:00:00,6.8185
2020-02-09 04:00:00,6.635300000000001
2020-02-09 05:00:00,6.422000000000001
2020-02-09 06:00:00,6.307333333333335
2020-02-09 07:00:00,6.2258000000000004
2020-02-09 08:00:00,6.302857142857142
2020-02-09 09:00:00,6.5847999999999995
2020-02-09 10:00:00,6.84
2020-02-09 11:00:00,7.173076923076924
2020-02-09 12:00:00,7.448555555555556
2020-02-09 13:00:00,7.584
2020-02-09 14:00:00,7.5094210526315806
2020-02-09 15:00:00,7.279473684210527
2020-02-09 16:00:00,6.990312499999999
2020-02-09 17:00:00,6.617727272727271
2020-02-09 18:00:00,6.223699999999999
2020-02-09 19:00:00,6.01425
2020-02-09 20:00:00,5.897715433547445
2020-02-09 21:00:00,5.926333333333333
2020-02-09 22:00:00,6.124846153846154
2020-02-09 23:00:00,6.4754000000000005
2020-02-10 00:00:00,6.797750000000001
2020-02-10 01:00:00,7.057111111111112
2020-02-10 02:00:00,7.155500000000001
2020-02-10 03:00:00,7.04061111111111
2020-02-10 04:00:00,6.8772352941176464
2020-02-10 05:00:00,6.59325
2020-02-10 06:00:00,6.3767
2020-02-10 07:00:00,6.155000000000001
2020-02-10 08:00:00,6.177384615384616
2020-02-10 09:00:00,6.312684210526316
2020-02-10 10:00:00,6.599600000000001
2020-02-10 11:00:00,6.964454545454546
2020-02-10 12:00:00,7.369666666666667
2020-02-10 13:00:00,7.623599999999999
2020-02-10 14:00:00,7.680375000000001
2020-02-10 15:00:00,7.5703571428571435
2020-02-10 16:00:00,7.3060833333333335
2020-02-10 17:00:00,6.878111111111112
2020-02-10 18:00:00,6.479083333333333
2020-02-10 19:00:00,6.061
2020-02-10 20:00:00,5.855857142857144
2020-02-10 21:00:00,5.8168750000000005
2020-02-10 22:00:00,5.983538461538462
2020-02-10 23:00:00,6.3380909090909086
2020-02-11 00:00:00,6.688533333333333
2020-02-11 01:00:00,6.964444444444444
2020-02-11 02:00:00,7.255071428571428
2020-02-11 03:00:00,7.240642857142857
2020-02-11 04:00:00,7.094357142857143
2020-02-11 05:00:00,6.889375000000001
2020-02-11 06:00:00,6.561799999999999
2020-02-11 07:00:00,6.2979
2020-02-11 08:00:00,6.0529090909090915
2020-02-11 09:00:00,6.161133333333334
2020-02-11 10:00:00,6.348142857142856
2020-02-11 11:00:00,6.638111111111111
2020-02-11 12:00:00,7.038333333333333
2020-02-11 13:00:00,7.393666666666667
2020-02-11 14:00:00,7.617461538461539
2020-02-11 15:00:00,7.608181818181818
2020-02-11 16:00:00,7.462833333333333
2020-02-11 17:00:00,7.173875000000001
2020-02-11 18:00:00,6.709700000000001
2020-02-11 19:00:00,6.271916666666667
2020-02-11 20:00:00,5.9933749999999995
2020-02-11 21:00:00,5.812277777777777
2020-02-11 22:00:00,5.862307692307693
2020-02-11 23:00:00,6.153727272727273
2020-02-12 00:00:00,6.481055555555556
2020-02-12 01:00:00,6.84025
2020-02-12 02:00:00,7.215785714285714
2020-02-12 03:00:00,7.309444444444444
2020-02-12 04:00:00,7.352333333333332
2020-02-12 05:00:00,7.1046000000000005
2020-02-12 06:00:00,6.797600000000001
2020-02-12 07:00:00,6.4123636363636365
2020-02-12 08:00:00,6.151076923076922
2020-02-12 09:00:00,6.001692307692308
2020-02-12 10:00:00,6.089714285714286
2020-02-12 11:00:00,6.346000000000001
2020-02-12 12:00:00,6.707090909090909
2020-02-12 13:00:00,7.058166666666668
2020-02-12 14:00:00,7.419357142857144
2020-02-12 15:00:00,7.6076875
2020-02-12 16:00:00,7.569062499999999
2020-02-12 17:00:00,7.330642857142857
2020-02-12 18:00:00,6.971066666666667
2020-02-12 19:00:00,6.536052631578947
2020-02-12 20:00:00,6.164133333333334
2020-02-12 21:00:00,5.961666666666666
2020-02-12 22:00:00,6.038166666666666
2020-02-12 23:00:00,6.0367
2020-02-13 00:00:00,6.3306000000000004
2020-02-13 01:00:00,6.6764375000000005
2020-02-13 02:00:00,7.072866666666668
2020-02-13 03:00:00,7.331199999999999
2020-02-13 04:00:00,7.437333333333332
2020-02-13 05:00:00,7.325900000000002
2020-02-13 06:00:00,7.088157894736843
2020-02-13 07:00:00,6.714428571428572
2020-02-13 08:00:00,6.37375
2020-02-13 09:00:00,6.154
2020-02-13 10:00:00,5.9796000000000005
2020-02-13 11:00:00,6.147307692307693
2020-02-13 12:00:00,6.397
2020-02-13 13:00:00,6.7728
2020-02-13 14:00:00,7.090055555555556
2020-02-13 15:00:00,7.337416666666667
2020-02-13 16:00:00,7.427714285714286
2020-02-13 17:00:00,7.324235294117648
2020-02-13 18:00:00,7.12625
2020-02-13 19:00:00,6.709066666666667
2020-02-13 20:00:00,6.400214285714287
2020-02-13 21:00:00,6.205399999999999
2020-02-13 22:00:00,5.87725
2020-02-13 23:00:00,5.907785714285714
2020-02-14 00:00:00,6.0912
2020-02-14 01:00:00,6.531846153846154
2020-02-14 02:00:00,6.799538461538462
2020-02-14 03:00:00,7.195666666666666
2020-02-14 04:00:00,7.358357142857144
2020-02-14 05:00:00,7.4338
2020-02-14 06:00:00,7.249916666666667
2020-02-14 07:00:00,6.960375
2020-02-14 08:00:00,6.625222222222223
2020-02-14 09:00:00,6.27525
2020-02-14 10:00:00,6.228999999999999
2020-02-14 11:00:00,6.070285714285715
2020-02-14 12:00:00,6.1425833333333335
2020-02-14 13:00:00,6.354842105263157
2020-02-14 14:00:00,6.690666666666666
2020-02-14 15:00:00,6.989750000000001
2020-02-14 16:00:00,7.112052631578947
2020-02-14 17:00:00,7.165772727272727
2020-02-14 18:00:00,7.0995833333333325
2020-02-14 19:00:00,6.8048125000000015
2020-02-14 20:00:00,6.487375000000001
2020-02-14 21:00:00,6.212142857142857
2020-02-14 22:00:00,6.01109090909091
2020-02-14 23:00:00,5.9202
2020-02-15 00:00:00,6.012333333333334
2020-02-15 01:00:00,6.321375
2020-02-15 02:00:00,6.612500000000001
2020-02-15 03:00:00,6.93475
2020-02-15 04:00:00,7.226272727272728
2020-02-15 05:00:00,7.375230769230768
2020-02-15 06:00:00,7.344210526315789
2020-02-15 07:00:00,7.1482142857142845
2020-02-15 08:00:00,6.83870588235294
2020-02-15 09:00:00,6.490666666666666
2020-02-15 10:00:00,6.224071428571429
2020-02-15 11:00:00,6.111299999999999
2020-02-15 12:00:00,6.095076923076922
2020-02-15 13:00:00,6.216
2020-02-15 14:00:00,6.383615384615386
2020-02-15 15:00:00,6.670692307692307
2020-02-15 16:00:00,6.860615384615385
2020-02-15 17:00:00,6.918454545454546
2020-02-15 18:00:00,6.940157894736844
2020-02-15 19:00:00,6.842363636363637
2020-02-15 20:00:00,6.613555555555555
2020-02-15 21:00:00,6.365714285714286
2020-02-15 22:00:00,6.148533333333335
2020-02-15 23:00:00,6.0241
2020-02-16 00:00:00,6.046545454545455
2020-02-16 01:00:00,6.1673
2020-02-16 02:00:00,6.396
2020-02-16 03:00:00,6.714500000000001
2020-02-16 04:00:00,6.98853846153846
2020-02-16 05:00:00,7.183399999999999
2020-02-16 06:00:00,7.283615384615384
2020-02-16 07:00:00,7.208888888888889
2020-02-16 08:00:00,6.9872
2020-02-16 09:00:00,6.718928571428571
2020-02-16 10:00:00,6.470272727272728
2020-02-16 11:00:00,6.245666666666666
2020-02-16 12:00:00,6.1406
2020-02-16 13:00:00,5.962249999999999
2020-02-16 14:00:00,6.2443333333333335
2020-02-16 15:00:00,6.409363636363637
2020-02-16 16:00:00,6.547076923076925
2020-02-16 17:00:00,6.711846153846154
2020-02-16 18:00:00,6.761105263157895
2020-02-16 19:00:00,6.7731666666666674
2020-02-16 20:00:00,6.66676923076923
2020-02-16 21:00:00,6.504999999999999
2020-02-16 22:00:00,6.36453846153846
2020-02-16 23:00:00,6.250857142857143
2020-02-17 00:00:00,6.175142857142857
2020-02-17 01:00:00,6.2101428571428565
2020-02-17 02:00:00,6.3698999999999995
2020-02-17 03:00:00,6.597875
2020-02-17 04:00:00,6.760777777777777
2020-02-17 05:00:00,7.013583333333333
2020-02-17 06:00:00,7.125857142857143
2020-02-17 07:00:00,7.20088888888889
2020-02-17 08:00:00,7.130583333333333
2020-02-17 09:00:00,7.009272727272727
2020-02-17 10:00:00,6.794555555555555
2020-02-17 11:00:00,6.6259999999999994
2020-02-17 12:00:00,6.391
2020-02-17 13:00:00,6.314222222222222
2020-02-17 14:00:00,6.277
2020-02-17 15:00:00,6.3886
2020-02-17 16:00:00,6.3955
2020-02-17 17:00:00,6.479571428571428
2020-02-17 18:00:00,6.597199999999999
2020-02-17 19:00:00,6.6190000000000015
2020-02-17 20:00:00,6.671818181818183
2020-02-17 21:00:00,6.5739
2020-02-17 22:00:00,6.4646
2020-02-17 23:00:00,6.408733333333332
2020-02-18 00:00:00,6.304142857142858
2020-02-18 01:00:00,6.287750000000001
2020-02-18 02:00:00,6.2995
2020-02-18 03:00:00,6.446777777777777
2020-02-18 04:00:00,6.557125
2020-02-18 05:00:00,6.779461538461539
2020-02-18 06:00:00,6.941666666666667
2020-02-18 07:00:00,7.051
2020-02-18 08:00:00,7.113652173913042
2020-02-18 09:00:00,7.080333333333333
2020-02-18 10:00:00,7.049285714285715
2020-02-18 11:00:00,6.902199999999999
2020-02-18 12:00:00,6.763580289167271
2020-02-18 13:00:00,6.487000000000001
2020-02-18 14:00:00,6.3874
2020-02-18 15:00:00,6.359004853001402
2020-02-18 16:00:00,6.324574776491419
2020-02-18 17:00:00,6.348476895513002
2020-02-18 18:00:00,6.415082072195556
2020-02-18 19:00:00,6.495054374439498
2020-02-18 20:00:00,6.564422342408685
2020-02-18 21:00:00,6.614208044073105
2020-02-18 22:00:00,6.638535696176844
2020-02-18 23:00:00,6.629490823461903
2020-02-19 00:00:00,6.588926418433577
2020-02-19 01:00:00,6.5349150234325455
2020-02-19 02:00:00,6.493549547809518
2020-02-19 03:00:00,6.486906651410986
2020-02-19 04:00:00,6.527965306129425
2020-02-19 05:00:00,6.621319785603424
2020-02-19 06:00:00,6.757795554386103
2020-02-19 07:00:00,6.908471077859627
2020-02-19 08:00:00,7.0381378289421415
2020-02-19 09:00:00,7.124414778856195
2020-02-19 10:00:00,7.154406051136617
2020-02-19 11:00:00,7.115096599209786
2020-02-19 12:00:00,7.002904733812835
2020-02-19 13:00:00,6.835954094777096
2020-02-19 14:00:00,6.776
2020-02-19 15:00:00,6.4135
2020-02-19 16:00:00,6.308818181818182
2020-02-19 17:00:00,6.228500000000001
2020-02-19 18:00:00,6.201090909090909
2020-02-19 19:00:00,6.3205
2020-02-19 20:00:00,6.4094444444444445
2020-02-19 21:00:00,6.4205
2020-02-19 22:00:00,6.582933333333333
2020-02-19 23:00:00,6.611090909090908
2020-02-20 00:00:00,6.643499999999999
2020-02-20 01:00:00,6.602
2020-02-20 02:00:00,6.552222222222223
2020-02-20 03:00:00,6.461250000000001
2020-02-20 04:00:00,6.434588235294117
2020-02-20 05:00:00,6.460125000000001
2020-02-20 06:00:00,6.572375000000001
2020-02-20 07:00:00,6.684388888888887
2020-02-20 08:00:00,6.802999999999998
2020-02-20 09:00:00,6.990999999999999
2020-02-20 10:00:00,7.140384615384615
2020-02-20 11:00:00,7.167049999999999
2020-02-20 12:00:00,7.131533333333334
2020-02-20 13:00:00,7.041214285714284
2020-02-20 14:00:00,6.789750000000001
2020-02-20 15:00:00,6.637636363636363
2020-02-20 16:00:00,6.3945
2020-02-20 17:00:00,6.210533333333333
2020-02-20 18:00:00,6.122999999999999
2020-02-20 19:00:00,6.1295714285714284
2020-02-20 20:00:00,6.232833333333333
2020-02-20 21:00:00,6.347444444444444
2020-02-20 22:00:00,6.515062500000001
2020-02-20 23:00:00,6.73275
2020-02-21 00:00:00,6.797909090909091
2020-02-21 01:00:00,6.790545454545454
2020-02-21 02:00:00,6.762166666666668
2020-02-21 03:00:00,6.615333333333334
2020-02-21 04:00:00,6.438272727272727
2020-02-21 05:00:00,6.377
2020-02-21 06:00:00,6.377222222222223
2020-02-21 07:00:00,6.4114
2020-02-21 08:00:00,6.630555555555556
2020-02-21 09:00:00,6.816857142857144
2020-02-21 10:00:00,7.058090909090908
2020-02-21 11:00:00,7.186055555555557
2020-02-21 12:00:00,7.2485
2020-02-21 13:00:00,7.231249999999999
2020-02-21 14:00:00,7.058642857142858
2020-02-21 15:00:00,6.80542857142857
2020-02-21 16:00:00,6.5527
2020-02-21 17:00:00,6.303142857142857
2020-02-21 18:00:00,6.023785714285714
2020-02-21 19:00:00,5.9471875
2020-02-21 20:00:00,6.01925
2020-02-21 21:00:00,6.161307692307692
2020-02-21 22:00:00,6.41764705882353
2020-02-21 23:00:00,6.6635
2020-02-22 00:00:00,6.834818181818182
2020-02-22 01:00:00,6.853909090909091
2020-02-22 02:00:00,6.840615384615385
2020-02-22 03:00:00,6.728894736842105
2020-02-22 04:00:00,6.523999999999999
2020-02-22 05:00:00,6.386071428571428
2020-02-22 06:00:00,6.3153999999999995
2020-02-22 07:00:00,6.319846153846154
2020-02-22 08:00:00,6.3538461538461535
2020-02-22 09:00:00,6.589111111111112
2020-02-22 10:00:00,6.858783790190209
2020-02-22 11:00:00,7.114750000000001
2020-02-22 12:00:00,7.266333333333333
2020-02-22 13:00:00,7.3659230769230755
2020-02-22 14:00:00,7.235
2020-02-22 15:00:00,7.000687499999999
2020-02-22 16:00:00,6.6985833333333344
2020-02-22 17:00:00,6.408272727272728
2020-02-22 18:00:00,6.114941176470587
2020-02-22 19:00:00,5.990333333333333
2020-02-22 20:00:00,5.962000000000001
2020-02-22 21:00:00,6.129636363636364
2020-02-22 22:00:00,6.332818181818182
2020-02-22 23:00:00,6.615916666666667
2020-02-23 00:00:00,6.8498
2020-02-23 01:00:00,6.997000000000001
2020-02-23 02:00:00,7.018333333333333
2020-02-23 03:00:00,6.890428571428572
2020-02-23 04:00:00,6.666846153846153
2020-02-23 05:00:00,6.453499999999999
2020-02-23 06:00:00,6.248333333333332
2020-02-23 07:00:00,6.161999999999998
2020-02-23 08:00:00,6.204307692307693
2020-02-23 09:00:00,6.354285714285715
2020-02-23 10:00:00,6.586857142857142
2020-02-23 11:00:00,6.913166666666668
2020-02-23 12:00:00,7.229
2020-02-23 13:00:00,7.346374999999999
2020-02-23 14:00:00,7.356583333333333
2020-02-23 15:00:00,7.183000000000001
2020-02-23 16:00:00,6.938599999999999
2020-02-23 17:00:00,6.554444444444444
2020-02-23 18:00:00,6.241555555555555
2020-02-23 19:00:00,6.029916666666666
2020-02-23 20:00:00,5.950363636363637
2020-02-23 21:00:00,5.972222222222222
2020-02-23 22:00:00,6.174363636363637
2020-02-23 23:00:00,6.4677333333333324
2020-02-24 00:00:00,6.760909090909092
2020-02-24 01:00:00,6.982833333333335
2020-02-24 02:00:00,7.036294117647058
2020-02-24 03:00:00,7.009124999999999
2020-02-24 04:00:00,6.843437499999999
2020-02-24 05:00:00,6.583214285714286
2020-02-24 06:00:00,6.36
2020-02-24 07:00:00,6.1742
2020-02-24 08:00:00,6.122307692307692
2020-02-24 09:00:00,6.196000000000001
2020-02-24 10:00:00,6.448769230769231
2020-02-24 11:00:00,6.6885
2020-02-24 12:00:00,7.0502499999999975
2020-02-24 13:00:00,7.3
2020-02-24 14:00:00,7.374214285714286
2020-02-24 15:00:00,7.281833333333334
2020-02-24 16:00:00,7.062166666666668
2020-02-24 17:00:00,6.7238823529411755
2020-02-24 18:00:00,6.405888888888888
2020-02-24 19:00:00,6.099125
2020-02-24 20:00:00,5.9551428571428575
2020-02-24 21:00:00,5.959124999999999
2020-02-24 22:00:00,6.097411764705882
2020-02-24 23:00:00,6.4417333333333335
2020-02-25 00:00:00,6.737555555555555
2020-02-25 01:00:00,6.985000000000001
2020-02-25 02:00:00,7.2035
2020-02-25 03:00:00,7.1622666666666674
2020-02-25 04:00:00,7.028833333333334
2020-02-25 05:00:00,6.7749444444444435
2020-02-25 06:00:00,6.5205
2020-02-25 07:00:00,6.2389230769230775
2020-02-25 08:00:00,6.105812500000001
2020-02-25 09:00:00,6.175777777777778
2020-02-25 10:00:00,6.4
2020-02-25 11:00:00,6.608833333333334
2020-02-25 12:00:00,6.931333333333334
2020-02-25 13:00:00,7.25325
2020-02-25 14:00:00,7.416909090909092
2020-02-25 15:00:00,7.350266666666665
2020-02-25 16:00:00,7.1926000000000005
2020-02-25 17:00:00,6.9452
2020-02-25 18:00:00,6.5319
2020-02-25 19:00:00,6.235222222222221
2020-02-25 20:00:00,6.1146
2020-02-25 21:00:00,5.928083333333333
2020-02-25 22:00:00,6.0385833333333325
2020-02-25 23:00:00,6.308111111111111
2020-02-26 00:00:00,6.649416666666666
2020-02-26 01:00:00,6.926125000000001
2020-02-26 02:00:00,7.1619
2020-02-26 03:00:00,7.227307692307692
2020-02-26 04:00:00,7.143230769230771
2020-02-26 05:00:00,6.908199999999999
2020-02-26 06:00:00,6.636941176470588
2020-02-26 07:00:00,6.351384615384616
2020-02-26 08:00:00,6.1409
2020-02-26 09:00:00,6.067874999999999
2020-02-26 10:00:00,6.164666666666665
2020-02-26 11:00:00,6.427411764705881
2020-02-26 12:00:00,6.706299999999999
2020-02-26 13:00:00,7.06888888888889
2020-02-26 14:00:00,7.285333333333334
2020-02-26 15:00:00,7.3081000000000005
2020-02-26 16:00:00,7.259285714285714
2020-02-26 17:00:00,7.032357142857144
2020-02-26 18:00:00,6.694599999999999
2020-02-26 19:00:00,6.342266666666668
2020-02-26 20:00:00,6.139
2020-02-26 21:00:00,5.974399999999999
2020-02-26 22:00:00,6.0219000000000005
2020-02-26 23:00:00,6.236636363636364
2020-02-27 00:00:00,6.55
2020-02-27 01:00:00,6.8415
2020-02-27 02:00:00,7.1116875
2020-02-27 03:00:00,7.282166666666666
2020-02-27 04:00:00,7.250818181818182
2020-02-27 05:00:00,7.04825
2020-02-27 06:00:00,6.814153846153847
2020-02-27 07:00:00,6.4926666666666675
2020-02-27 08:00:00,6.228071428571427
2020-02-27 09:00:00,6.112
2020-02-27 10:00:00,6.120615384615385
2020-02-27 11:00:00,6.300200000000001
2020-02-27 12:00:00,6.567777777777779
2020-02-27 13:00:00,6.886222222222222
2020-02-27 14:00:00,7.123263157894736
2020-02-27 15:00:00,7.278411764705883
2020-02-27 16:00:00,7.266545454545454
2020-02-27 17:00:00,7.04725
2020-02-27 18:00:00,6.795875
2020-02-27 19:00:00,6.527183257681408
2020-02-27 20:00:00,6.242256953558407
2020-02-27 21:00:00,6.010999999999999
2020-02-27 22:00:00,5.9846
2020-02-27 23:00:00,6.211
2020-02-28 00:00:00,6.4609999999999985
2020-02-28 01:00:00,6.742125
2020-02-28 02:00:00,7.044882352941177
2020-02-28 03:00:00,7.2869230769230775
2020-02-28 04:00:00,7.305384615384616
2020-02-28 05:00:00,7.1962666666666655
2020-02-28 06:00:00,6.959944444444444
2020-02-28 07:00:00,6.612750000000001
2020-02-28 08:00:00,6.346000000000001
2020-02-28 09:00:00,6.152214285714286
2020-02-28 10:00:00,6.087933333333334
2020-02-28 11:00:00,6.196272727272728
2020-02-28 12:00:00,6.3896
2020-02-28 13:00:00,6.701470588235295
2020-02-28 14:00:00,6.920636363636363
2020-02-28 15:00:00,7.161117647058823
2020-02-28 16:00:00,7.198444444444444
2020-02-28 17:00:00,7.088133333333333
2020-02-28 18:00:00,6.834384615384616
2020-02-28 19:00:00,6.5638749999999995
2020-02-28 20:00:00,6.310599999999999
2020-02-28 21:00:00,6.073153846153847
2020-02-28 22:00:00,5.9972
2020-02-28 23:00:00,6.0938181818181825
2020-02-29 00:00:00,6.303800000000001
2020-02-29 01:00:00,6.6126
2020-02-29 02:00:00,6.913874999999999
2020-02-29 03:00:00,7.136600000000001
2020-02-29 04:00:00,7.267923076923077
2020-02-29 05:00:00,7.208473684210527
2020-02-29 06:00:00,7.0391
2020-02-29 07:00:00,6.768307692307692
2020-02-29 08:00:00,6.459157894736843
2020-02-29 09:00:00,6.2405
2020-02-29 10:00:00,6.166999999999999
2020-02-29 11:00:00,6.10425
2020-02-29 12:00:00,6.2565384615384625
2020-02-29 13:00:00,6.521818181818182
2020-02-29 14:00:00,6.75175
2020-02-29 15:00:00,6.955533333333333
2020-02-29 16:00:00,7.09625
2020-02-29 17:00:00,7.020214285714284
2020-02-29 18:00:00,6.918153846153847
2020-02-29 19:00:00,6.662933333333336
2020-02-29 20:00:00,6.469736596423791
2020-02-29 21:00:00,6.2608995919544
2020-02-29 22:00:00,6.158403194559109
2020-02-29 23:00:00,6.1904194964723604
2020-03-01 00:00:00,6.34456707021459
2020-03-01 01:00:00,6.58237335904115
2020-03-01 02:00:00,6.855140273657415
2020-03-01 03:00:00,7.10485441840524
2020-03-01 04:00:00,7.267010580145274
2020-03-01 05:00:00,7.296188245691187
2020-03-01 06:00:00,7.189317995684549
2020-03-01 07:00:00,6.978710731383535
2020-03-01 08:00:00,6.7160018477306735
2020-03-01 09:00:00,6.465758966660153
2020-03-01 10:00:00,6.291690192241671
2020-03-01 11:00:00,6.232215879209248
2020-03-01 12:00:00,6.288099324865538
2020-03-01 13:00:00,6.4318815943685355
2020-03-01 14:00:00,6.624501260489033
2020-03-01 15:00:00,6.819650111251298
2020-03-01 16:00:00,6.961522675658336
2020-03-01 17:00:00,7.001803506655909
2020-03-01 18:00:00,6.927849313824338
2020-03-01 19:00:00,6.765580939291023
2020-03-01 20:00:00,6.561054399908501
2020-03-01 21:00:00,6.37001755011517
2020-03-01 22:00:00,6.249550960552944
2020-03-01 23:00:00,6.237913942521281
2020-03-02 00:00:00,6.338863197549384
2020-03-02 01:00:00,6.526123585517606
2020-03-02 02:00:00,6.7594848294097725
2020-03-02 03:00:00,6.994065520663923
2020-03-02 04:00:00,7.178369633792973
2020-03-02 05:00:00,7.2285
2020-03-02 06:00:00,7.195
2020-03-02 07:00:00,7.053250000000001
2020-03-02 08:00:00,6.841384615384614
2020-03-02 09:00:00,6.614666666666667
2020-03-02 10:00:00,6.404105263157894
2020-03-02 11:00:00,6.2965
2020-03-02 12:00:00,6.3915999999999995
2020-03-02 13:00:00,6.346727272727273
2020-03-02 14:00:00,6.496749999999999
2020-03-02 15:00:00,6.644666666666668
2020-03-02 16:00:00,6.783923076923076
2020-03-02 17:00:00,6.8401
2020-03-02 18:00:00,6.7836923076923075
2020-03-02 19:00:00,6.709000000000001
2020-03-02 20:00:00,6.565416666666667
2020-03-02 21:00:00,6.4799999999999995
2020-03-02 22:00:00,6.3035000000000005
2020-03-02 23:00:00,6.244692307692309
2020-03-03 00:00:00,6.326642857142856
2020-03-03 01:00:00,6.422499999999999
2020-03-03 02:00:00,6.592333333333333
2020-03-03 03:00:00,6.794
2020-03-03 04:00:00,7.043666666666666
2020-03-03 05:00:00,7.109999999999999
2020-03-03 06:00:00,7.171947368421051
2020-03-03 07:00:00,7.087
2020-03-03 08:00:00,6.951153846153845
2020-03-03 09:00:00,6.7135384615384615
2020-03-03 10:00:00,6.587249999999998
2020-03-03 11:00:00,6.398124999999999
2020-03-03 12:00:00,6.338095238095238
2020-03-03 13:00:00,6.315357142857143
2020-03-03 14:00:00,6.521000000000001
2020-03-03 15:00:00,6.462000000000001
2020-03-03 16:00:00,6.571142857142858
2020-03-03 17:00:00,6.666499999999999
2020-03-03 18:00:00,6.6638
2020-03-03 19:00:00,6.631733333333333
2020-03-03 20:00:00,6.605444444444444
2020-03-03 21:00:00,6.4981428571428586
2020-03-03 22:00:00,6.385857142857143
2020-03-03 23:00:00,6.341124999999999
2020-03-04 00:00:00,6.371666666666666
2020-03-04 01:00:00,6.4186000000000005
2020-03-04 02:00:00,6.566125
2020-03-04 03:00:00,6.714666666666667
2020-03-04 04:00:00,6.896533333333333
2020-03-04 05:00:00,7.0076363636363626
2020-03-04 06:00:00,7.0889999999999995
2020-03-04 07:00:00,7.098846153846154
2020-03-04 08:00:00,7.0248333333333335
2020-03-04 09:00:00,6.913266666666668
2020-03-04 10:00:00,6.7825999999999995
2020-03-04 11:00:00,6.6145
2020-03-04 12:00:00,6.469153846153845
2020-03-04 13:00:00,6.424333333333333
2020-03-04 14:00:00,6.345090909090908
2020-03-04 15:00:00,6.340999999999999
2020-03-04 16:00:00,6.3984000000000005
2020-03-04 17:00:00,6.442312500000001
2020-03-04 18:00:00,6.497375
2020-03-04 19:00:00,6.530800000000001
2020-03-04 20:00:00,6.5508
2020-03-04 21:00:00,6.512083333333334
2020-03-04 22:00:00,6.477636363636364
2020-03-04 23:00:00,6.475307692307693
2020-03-05 00:00:00,6.433500000000001
2020-03-05 01:00:00,6.447647058823528
2020-03-05 02:00:00,6.488625
2020-03-05 03:00:00,6.604124999999999
2020-03-05 04:00:00,6.701076923076925
2020-03-05 05:00:00,6.8688
2020-03-05 06:00:00,6.98335294117647
2020-03-05 07:00:00,7.034866666666667
2020-03-05 08:00:00,7.079823529411764
2020-03-05 09:00:00,7.046818181818182
2020-03-05 10:00:00,6.9887
2020-03-05 11:00:00,6.934888888888889
2020-03-05 12:00:00,6.787333333333334
2020-03-05 13:00:00,6.6394
2020-03-05 14:00:00,6.493666666666666
2020-03-05 15:00:00,6.425111111111111
2020-03-05 16:00:00,6.4033999999999995
2020-03-05 17:00:00,6.36675
2020-03-05 18:00:00,6.389764705882352
2020-03-05 19:00:00,6.4624999999999995
2020-03-05 20:00:00,6.506473684210526
2020-03-05 21:00:00,6.570769230769231
2020-03-05 22:00:00,6.625272727272729
2020-03-05 23:00:00,6.596615384615382
2020-03-06 00:00:00,6.621166666666667
2020-03-06 01:00:00,6.626112674317106
2020-03-06 02:00:00,6.523999999999999
2020-03-06 03:00:00,6.524714285714285
2020-03-06 04:00:00,6.588
2020-03-06 05:00:00,6.655055555555556
2020-03-06 06:00:00,6.730809523809523
2020-03-06 07:00:00,6.909357142857144
2020-03-06 08:00:00,6.9905
2020-03-06 09:00:00,7.061999999999999
2020-03-06 10:00:00,7.0938333333333325
2020-03-06 11:00:00,7.082800000000001
2020-03-06 12:00:00,6.995111111111111
2020-03-06 13:00:00,6.821875
2020-03-06 14:00:00,6.615600000000001
2020-03-06 15:00:00,6.479555555555555
2020-03-06 16:00:00,6.320352941176471
2020-03-06 17:00:00,6.211388888888887
2020-03-06 18:00:00,6.207210526315789
2020-03-06 19:00:00,6.231461538461539
2020-03-06 20:00:00,6.364374999999999
2020-03-06 21:00:00,6.507923076923077
2020-03-06 22:00:00,6.621384615384615
2020-03-06 23:00:00,6.727181818181818
2020-03-07 00:00:00,6.734222222222222
2020-03-07 01:00:00,6.708999999999999
2020-03-07 02:00:00,6.6716428571428565
2020-03-07 03:00:00,6.58376923076923
2020-03-07 04:00:00,6.518666666666667
2020-03-07 05:00:00,6.507900000000001
2020-03-07 06:00:00,6.559388888888889
2020-03-07 07:00:00,6.671125
2020-03-07 08:00:00,6.830166666666667
2020-03-07 09:00:00,7.040923076923077
2020-03-07 10:00:00,7.182199999999999
2020-03-07 11:00:00,7.2586875
2020-03-07 12:00:00,7.238272727272727
2020-03-07 13:00:00,7.1737142857142855
2020-03-07 14:00:00,6.966799999999999
2020-03-07 15:00:00,6.7090000000000005
2020-03-07 16:00:00,6.4627
2020-03-07 17:00:00,6.244066666666666
2020-03-07 18:00:00,6.127866666666666
2020-03-07 19:00:00,6.132615384615386
2020-03-07 20:00:00,6.267636363636364
2020-03-07 21:00:00,6.487
2020-03-07 22:00:00,6.630692307692308
2020-03-07 23:00:00,6.830533333333333
2020-03-08 00:00:00,6.968916666666666
2020-03-08 01:00:00,6.973999999999999
2020-03-08 02:00:00,6.902
2020-03-08 03:00:00,6.7905384615384605
2020-03-08 04:00:00,6.592272727272729
2020-03-08 05:00:00,6.484125
2020-03-08 06:00:00,6.4928
2020-03-08 07:00:00,6.4965
2020-03-08 08:00:00,6.6316428571428565
2020-03-08 09:00:00,6.882444444444445
2020-03-08 10:00:00,7.1375
2020-03-08 11:00:00,7.334916666666667
2020-03-08 12:00:00,7.438399999999999
2020-03-08 13:00:00,7.434642857142857
2020-03-08 14:00:00,7.272312499999998
2020-03-08 15:00:00,6.973846153846154
2020-03-08 16:00:00,6.682784415931237
2020-03-08 17:00:00,6.331250000000001
2020-03-08 18:00:00,6.137785714285714
2020-03-08 19:00:00,6.063142857142857
2020-03-08 20:00:00,6.074636363636364
2020-03-08 21:00:00,6.262090909090909
2020-03-08 22:00:00,6.572222222222221
2020-03-08 23:00:00,6.620500000000001
2020-03-09 00:00:00,7.004272727272727
2020-03-09 01:00:00,7.122666666666668
2020-03-09 02:00:00,7.0295
2020-03-09 03:00:00,6.864071428571427
2020-03-09 04:00:00,6.652066666666665
2020-03-09 05:00:00,6.417133333333334
2020-03-09 06:00:00,6.298062500000002
2020-03-09 07:00:00,6.238461538461539
2020-03-09 08:00:00,6.34125
2020-03-09 09:00:00,6.595631578947369
2020-03-09 10:00:00,6.8892500000000005
2020-03-09 11:00:00,7.152
2020-03-09 12:00:00,7.461444444444445
2020-03-09 13:00:00,7.544133333333332
2020-03-09 14:00:00,7.481999999999999
2020-03-09 15:00:00,7.2465
2020-03-09 16:00:00,6.927
2020-03-09 17:00:00,6.515125
2020-03-09 18:00:00,6.203200000000001
2020-03-09 19:00:00,5.998249999999999
2020-03-09 20:00:00,5.949658159819199
2020-03-09 21:00:00,6.1506
2020-03-09 22:00:00,6.477
2020-03-09 23:00:00,6.797625000000001
2020-03-10 00:00:00,7.095000000000001
2020-03-10 01:00:00,7.282769230769232
2020-03-10 02:00:00,7.378857142857142
2020-03-10 03:00:00,7.175333333333334
2020-03-10 04:00:00,6.924857142857143
2020-03-10 05:00:00,6.597000000000001
2020-03-10 06:00:00,6.28675
2020-03-10 07:00:00,6.1608888888888895
2020-03-10 08:00:00,6.127
2020-03-10 09:00:00,6.286333333333333
2020-03-10 10:00:00,6.6145
2020-03-10 11:00:00,7.014999999999999
2020-03-10 12:00:00,7.35175
2020-03-10 13:00:00,7.59023076923077
2020-03-10 14:00:00,7.649545454545454
2020-03-10 15:00:00,7.448000000000001
2020-03-10 16:00:00,7.156428571428571
2020-03-10 17:00:00,6.7624
2020-03-10 18:00:00,6.318769230769233
2020-03-10 19:00:00,6.058083333333332
2020-03-10 20:00:00,5.900916666666666
2020-03-10 21:00:00,6.0024999999999995
2020-03-10 22:00:00,6.224615384615385
2020-03-10 23:00:00,6.622
2020-03-11 00:00:00,7.009250000000001
2020-03-11 01:00:00,7.295749999999999
2020-03-11 02:00:00,7.447300000000001
2020-03-11 03:00:00,7.422384615384614
2020-03-11 04:00:00,7.1653076923076915
2020-03-11 05:00:00,6.84842857142857
2020-03-11 06:00:00,6.421124999999999
2020-03-11 07:00:00,6.140181818181818
2020-03-11 08:00:00,5.953714285714286
2020-03-11 09:00:00,6.065888888888889
2020-03-11 10:00:00,6.292083333333333
2020-03-11 11:00:00,6.598764705882354
2020-03-11 12:00:00,7.023636363636364
2020-03-11 13:00:00,7.3892500000000005
2020-03-11 14:00:00,7.5930833333333325
2020-03-11 15:00:00,7.550214285714285
2020-03-11 16:00:00,7.325916666666665
2020-03-11 17:00:00,7.001636363636364
2020-03-11 18:00:00,6.5524000000000004
2020-03-11 19:00:00,6.146083333333333
2020-03-11 20:00:00,5.934545454545455
2020-03-11 21:00:00,5.850090909090909
2020-03-11 22:00:00,6.018
2020-03-11 23:00:00,6.368285714285714
2020-03-12 00:00:00,6.811
2020-03-12 01:00:00,7.1922
2020-03-12 02:00:00,7.465578947368423
2020-03-12 03:00:00,7.566615384615385
2020-03-12 04:00:00,7.396444444444445
2020-03-12 05:00:00,7.129315789473686
2020-03-12 06:00:00,6.7094
2020-03-12 07:00:00,6.251124999999998
2020-03-12 08:00:00,5.973181818181818
2020-03-12 09:00:00,5.8482
2020-03-12 10:00:00,5.941333333333334
2020-03-12 11:00:00,6.191083333333332
2020-03-12 12:00:00,6.615583333333333
2020-03-12 13:00:00,7.044624999999999
2020-03-12 14:00:00,7.349294117647058
2020-03-12 15:00:00,7.470615384615384
2020-03-12 16:00:00,7.3871875
2020-03-12 17:00:00,7.121062500000001
2020-03-12 18:00:00,6.764076923076923
2020-03-12 19:00:00,6.40275
2020-03-12 20:00:00,6.028111111111111
2020-03-12 21:00:00,5.863642857142857
2020-03-12 22:00:00,5.9321
2020-03-12 23:00:00,6.175454545454546
2020-03-13 00:00:00,6.57930769230769
2020-03-13 01:00:00,7.026277777777778
2020-03-13 02:00:00,7.372749999999999
2020-03-13 03:00:00,7.608933333333332
2020-03-13 04:00:00,7.614571428571429
2020-03-13 05:00:00,7.379133333333332
2020-03-13 06:00:00,7.012176470588234
2020-03-13 07:00:00,6.550312499999999
2020-03-13 08:00:00,6.184285714285713
2020-03-13 09:00:00,5.923000000000001
2020-03-13 10:00:00,5.9963999999999995
2020-03-13 11:00:00,6.024249999999999
2020-03-13 12:00:00,6.34411111111111
2020-03-13 13:00:00,6.75075
2020-03-13 14:00:00,7.118250000000001
2020-03-13 15:00:00,7.327333333333333
2020-03-13 16:00:00,7.35821052631579
2020-03-13 17:00:00,7.253583333333334
2020-03-13 18:00:00,6.98111111111111
2020-03-13 19:00:00,6.596571428571429
2020-03-13 20:00:00,6.28375
2020-03-13 21:00:00,6.1344
2020-03-13 22:00:00,6.06275
2020-03-13 23:00:00,6.2288
2020-03-14 00:00:00,6.485166666666667
2020-03-14 01:00:00,6.927
2020-03-14 02:00:00,7.285449999999999
2020-03-14 03:00:00,7.584
2020-03-14 04:00:00,7.729857142857143
2020-03-14 05:00:00,7.6377999999999995
2020-03-14 06:00:00,7.376555555555555
2020-03-14 07:00:00,6.946352941176472
2020-03-14 08:00:00,6.516411764705883
2020-03-14 09:00:00,6.200500000000001
2020-03-14 10:00:00,6.03123076923077
2020-03-14 11:00:00,6.001222222222221
2020-03-14 12:00:00,6.243111111111111
2020-03-14 13:00:00,6.500937500000001
2020-03-14 14:00:00,6.825117647058823
2020-03-14 15:00:00,7.121833333333334
2020-03-14 16:00:00,7.275999999999999
2020-03-14 17:00:00,7.246823529411764
2020-03-14 18:00:00,7.089764705882353
2020-03-14 19:00:00,6.8165555555555555
2020-03-14 20:00:00,6.502888888888888
2020-03-14 21:00:00,6.258166666666667
2020-03-14 22:00:00,6.161133333333333
2020-03-14 23:00:00,6.159571428571428
2020-03-15 00:00:00,6.383
2020-03-15 01:00:00,6.707461538461538
2020-03-15 02:00:00,7.0995625
2020-03-15 03:00:00,7.4384
2020-03-15 04:00:00,7.615357142857143
2020-03-15 05:00:00,7.640363636363636
2020-03-15 06:00:00,7.494294117647059
2020-03-15 07:00:00,7.183125
2020-03-15 08:00:00,6.820749999999999
2020-03-15 09:00:00,6.453
2020-03-15 10:00:00,6.1819999999999995
2020-03-15 11:00:00,6.122166666666666
2020-03-15 12:00:00,6.172
2020-03-15 13:00:00,6.305125
2020-03-15 14:00:00,6.556125000000001
2020-03-15 15:00:00,6.7729375
2020-03-15 16:00:00,6.9577647058823535
2020-03-15 17:00:00,7.038384615384615
2020-03-15 18:00:00,7.008285714285714
2020-03-15 19:00:00,6.843000000000001
2020-03-15 20:00:00,6.619
2020-03-15 21:00:00,6.463846153846154
2020-03-15 22:00:00,6.263285714285714
2020-03-15 23:00:00,6.2835
2020-03-16 00:00:00,6.366875
2020-03-16 01:00:00,6.526599999999999
2020-03-16 02:00:00,6.7143749999999995
2020-03-16 03:00:00,7.0309333333333335
2020-03-16 04:00:00,7.3247
2020-03-16 05:00:00,7.4465
2020-03-16 06:00:00,7.409625
2020-03-16 07:00:00,7.269090909090909
2020-03-16 08:00:00,7.003615384615385
2020-03-16 09:00:00,6.723833333333334
2020-03-16 10:00:00,6.395153846153846
2020-03-16 11:00:00,6.283923076923076
2020-03-16 12:00:00,6.2179090909090915
2020-03-16 13:00:00,6.2298333333333344
2020-03-16 14:00:00,6.350941176470588
2020-03-16 15:00:00,6.562818181818181
2020-03-16 16:00:00,6.707882352941176
2020-03-16 17:00:00,6.831235294117646
2020-03-16 18:00:00,6.8869
2020-03-16 19:00:00,6.83688888888889
2020-03-16 20:00:00,6.722428571428572
2020-03-16 21:00:00,6.5931875
2020-03-16 22:00:00,6.4915
2020-03-16 23:00:00,6.369999999999999
2020-03-17 00:00:00,6.3269166666666665
2020-03-17 01:00:00,6.5057
2020-03-17 02:00:00,6.595999999999999
2020-03-17 03:00:00,6.814950000000001
2020-03-17 04:00:00,7.0065
2020-03-17 05:00:00,7.236999999999999
2020-03-17 06:00:00,7.28661111111111
2020-03-17 07:00:00,7.234642857142856
2020-03-17 08:00:00,7.113785714285716
2020-03-17 09:00:00,6.9395999999999995
2020-03-17 10:00:00,6.733285714285714
2020-03-17 11:00:00,6.5387
2020-03-17 12:00:00,6.427846153846153
2020-03-17 13:00:00,6.343249999999999
2020-03-17 14:00:00,6.303600000000001
2020-03-17 15:00:00,6.387533333333333
2020-03-17 16:00:00,6.5015
2020-03-17 17:00:00,6.593176470588234
2020-03-17 18:00:00,6.708000000000001
2020-03-17 19:00:00,6.714222222222222
2020-03-17 20:00:00,6.713166666666666
2020-03-17 21:00:00,6.6457999999999995
2020-03-17 22:00:00,6.609588235294116
2020-03-17 23:00:00,6.517499999999999
2020-03-18 00:00:00,6.474058823529411
2020-03-18 01:00:00,6.522230769230769
2020-03-18 02:00:00,6.630999999999999
2020-03-18 03:00:00,6.6534545454545455
2020-03-18 04:00:00,6.760272727272727
2020-03-18 05:00:00,6.96090909090909
2020-03-18 06:00:00,7.061375000000001
2020-03-18 07:00:00,7.108545454545456
2020-03-18 08:00:00,7.080916666666667
2020-03-18 09:00:00,6.999583333333335
2020-03-18 10:00:00,6.889333333333333
2020-03-18 11:00:00,6.731416666666667
2020-03-18 12:00:00,6.629777777777778
2020-03-18 13:00:00,6.5169999999999995
2020-03-18 14:00:00,6.4858
2020-03-18 15:00:00,6.398142857142857
2020-03-18 16:00:00,6.383642857142858
2020-03-18 17:00:00,6.4387857142857134
2020-03-18 18:00:00,6.488384615384616
2020-03-18 19:00:00,6.5404
2020-03-18 20:00:00,6.548277777777777
2020-03-18 21:00:00,6.638
2020-03-18 22:00:00,6.609307692307693
2020-03-18 23:00:00,6.65323076923077
2020-03-19 00:00:00,6.613538461538462
2020-03-19 01:00:00,6.5582666666666665
2020-03-19 02:00:00,6.576588235294118
2020-03-19 03:00:00,6.573571428571429
2020-03-19 04:00:00,6.611071428571428
2020-03-19 05:00:00,6.7209
2020-03-19 06:00:00,6.806899999999999
2020-03-19 07:00:00,6.900666666666666
2020-03-19 08:00:00,7.001666666666666
2020-03-19 09:00:00,6.985266666666666
2020-03-19 10:00:00,7.043833333333333
2020-03-19 11:00:00,6.961545454545455
2020-03-19 12:00:00,6.850823529411765
2020-03-19 13:00:00,6.7171818181818175
2020-03-19 14:00:00,6.5648333333333335
2020-03-19 15:00:00,6.439
2020-03-19 16:00:00,6.331428571428572
2020-03-19 17:00:00,6.348428571428571
2020-03-19 18:00:00,6.310933333333333
2020-03-19 19:00:00,6.425181818181818
2020-03-19 20:00:00,6.488526315789474
2020-03-19 21:00:00,6.608700000000001
2020-03-19 22:00:00,6.689166666666666
2020-03-19 23:00:00,6.769166666666666
2020-03-20 00:00:00,6.791777777777778
2020-03-20 01:00:00,6.692307692307693
2020-03-20 02:00:00,6.690100000000001
2020-03-20 03:00:00,6.599666666666666
2020-03-20 04:00:00,6.505571428571429
2020-03-20 05:00:00,6.551461538461539
2020-03-20 06:00:00,6.602083333333334
2020-03-20 07:00:00,6.694823529411764
2020-03-20 08:00:00,6.803923076923079
2020-03-20 09:00:00,6.9558
2020-03-20 10:00:00,7.008071428571429
2020-03-20 11:00:00,7.050299999999998
2020-03-20 12:00:00,7.04111111111111
2020-03-20 13:00:00,6.925916666666666
2020-03-20 14:00:00,6.771000000000001
2020-03-20 15:00:00,6.592
2020-03-20 16:00:00,6.503099999999999
2020-03-20 17:00:00,6.285117647058823
2020-03-20 18:00:00,6.207999999999999
2020-03-20 19:00:00,6.303666666666667
2020-03-20 20:00:00,6.427384615384615
2020-03-20 21:00:00,6.543199999999999
2020-03-20 22:00:00,6.662894736842104
2020-03-20 23:00:00,6.829846153846154
2020-03-21 00:00:00,6.89635294117647
2020-03-21 01:00:00,6.829071428571429
2020-03-21 02:00:00,6.788416666666667
2020-03-21 03:00:00,6.636846153846154
2020-03-21 04:00:00,6.507999999999999
2020-03-21 05:00:00,6.419235294117648
2020-03-21 06:00:00,6.448166666666666
2020-03-21 07:00:00,6.493181818181818
2020-03-21 08:00:00,6.604583333333333
2020-03-21 09:00:00,6.813833333333335
2020-03-21 10:00:00,7.015866666666667
2020-03-21 11:00:00,7.095863636363637
2020-03-21 12:00:00,7.166230769230769
2020-03-21 13:00:00,7.099272727272727
2020-03-21 14:00:00,6.939461538461539
2020-03-21 15:00:00,6.699384615384615
2020-03-21 16:00:00,6.479181818181818
2020-03-21 17:00:00,6.275411764705884
2020-03-21 18:00:00,6.113133333333334
2020-03-21 19:00:00,6.2674666666666665
2020-03-21 20:00:00,6.187705882352943
2020-03-21 21:00:00,6.392923076923077
2020-03-21 22:00:00,6.6419999999999995
2020-03-21 23:00:00,6.880571428571428
2020-03-22 00:00:00,7.031000000000001
2020-03-22 01:00:00,7.045357142857142
2020-03-22 02:00:00,6.984846153846154
2020-03-22 03:00:00,6.826466666666667
2020-03-22 04:00:00,6.617285714285716
2020-03-22 05:00:00,6.467999999999999
2020-03-22 06:00:00,6.3442727272727275
2020-03-22 07:00:00,6.339181818181819
2020-03-22 08:00:00,6.437416666666665
2020-03-22 09:00:00,6.623923076923076
2020-03-22 10:00:00,6.8687499999999995
2020-03-22 11:00:00,7.1091999999999995
2020-03-22 12:00:00,7.2235999999999985
2020-03-22 13:00:00,7.269666666666666
2020-03-22 14:00:00,7.151545454545456
2020-03-22 15:00:00,6.953181818181817
2020-03-22 16:00:00,6.684916666666666
2020-03-22 17:00:00,6.447
2020-03-22 18:00:00,6.1859090909090915
2020-03-22 19:00:00,6.119350000000001
2020-03-22 20:00:00,6.131214285714286
2020-03-22 21:00:00,6.257272727272727
2020-03-22 22:00:00,6.608249999999999
2020-03-22 23:00:00,6.833769230769231
2020-03-23 00:00:00,7.074083333333333
2020-03-23 01:00:00,7.150533333333334
2020-03-23 02:00:00,7.119928571428572
2020-03-23 03:00:00,6.968461538461539
2020-03-23 04:00:00,6.766277777777779
2020-03-23 05:00:00,6.481461538461539
2020-03-23 06:00:00,6.246333333333333
2020-03-23 07:00:00,6.205499999999999
2020-03-23 08:00:00,6.203333333333334
2020-03-23 09:00:00,6.466200000000001
2020-03-23 10:00:00,6.6494375
2020-03-23 11:00:00,6.95861111111111
2020-03-23 12:00:00,7.1704
2020-03-23 13:00:00,7.276428571428572
2020-03-23 14:00:00,7.253090909090909
2020-03-23 15:00:00,7.0724285714285715
2020-03-23 16:00:00,6.794181818181817
2020-03-23 17:00:00,6.518909090909091
2020-03-23 18:00:00,6.2285
2020-03-23 19:00:00,6.1024
2020-03-23 20:00:00,6.106272727272727
2020-03-23 21:00:00,6.226357142857142
2020-03-23 22:00:00,6.477307692307692
2020-03-23 23:00:00,6.7679333333333345
2020-03-24 00:00:00,7.091214285714286
2020-03-24 01:00:00,7.2238
2020-03-24 02:00:00,7.2356
2020-03-24 03:00:00,7.0840000000000005
2020-03-24 04:00:00,6.890142857142857
2020-03-24 05:00:00,6.557874999999999
2020-03-24 06:00:00,6.307
2020-03-24 07:00:00,6.157733333333334
2020-03-24 08:00:00,6.134545454545455
2020-03-24 09:00:00,6.253785714285715
2020-03-24 10:00:00,6.488285714285715
2020-03-24 11:00:00,6.77825
2020-03-24 12:00:00,7.094090909090909
2020-03-24 13:00:00,7.284833333333332
2020-03-24 14:00:00,7.29875
2020-03-24 15:00:00,7.166928571428571
2020-03-24 16:00:00,6.9336153846153845
2020-03-24 17:00:00,6.657750000000001
2020-03-24 18:00:00,6.3107
2020-03-24 19:00:00,6.107142857142857
2020-03-24 20:00:00,6.046749999999999
2020-03-24 21:00:00,6.103444444444445
2020-03-24 22:00:00,6.321545454545454
2020-03-24 23:00:00,6.666384615384615
2020-03-25 00:00:00,6.959071428571429
2020-03-25 01:00:00,7.245111111111113
2020-03-25 02:00:00,7.328363636363637
2020-03-25 03:00:00,7.1511
2020-03-25 04:00:00,7.023384615384615
2020-03-25 05:00:00,6.710666666666666
2020-03-25 06:00:00,6.34075
2020-03-25 07:00:00,6.152473684210527
2020-03-25 08:00:00,6.055000000000001
2020-03-25 09:00:00,6.097499999999998
2020-03-25 10:00:00,6.270666666666666
2020-03-25 11:00:00,6.5992999999999995
2020-03-25 12:00:00,6.940799999999999
2020-03-25 13:00:00,7.187076923076922
2020-03-25 14:00:00,7.285785714285716
2020-03-25 15:00:00,7.1930588235294115
2020-03-25 16:00:00,6.997294117647058
2020-03-25 17:00:00,6.6714666666666655
2020-03-25 18:00:00,6.365083333333334
2020-03-25 19:00:00,6.109875000000001
2020-03-25 20:00:00,5.9559999999999995
2020-03-25 21:00:00,6.011000000000001
2020-03-25 22:00:00,6.3077499999999995
2020-03-25 23:00:00,6.538210526315789
2020-03-26 00:00:00,6.938624999999999
2020-03-26 01:00:00,7.187733333333332
2020-03-26 02:00:00,7.327285714285714
2020-03-26 03:00:00,7.318615384615385
2020-03-26 04:00:00,7.163222222222223
2020-03-26 05:00:00,6.846933333333333
2020-03-26 06:00:00,6.479230769230769
2020-03-26 07:00:00,6.234812499999999
2020-03-26 08:00:00,6.021
2020-03-26 09:00:00,5.9918000000000005
2020-03-26 10:00:00,6.155285714285713
2020-03-26 11:00:00,6.432928571428571
2020-03-26 12:00:00,6.752777777777777
2020-03-26 13:00:00,7.026818181818182
2020-03-26 14:00:00,7.240545454545455
2020-03-26 15:00:00,7.2604999999999995
2020-03-26 16:00:00,7.114222222222221
2020-03-26 17:00:00,6.845687499999999
2020-03-26 18:00:00,6.5255
2020-03-26 19:00:00,6.243363636363636
2020-03-26 20:00:00,6.092727272727273
2020-03-26 21:00:00,5.9956000000000005
2020-03-26 22:00:00,6.194235294117647
2020-03-26 23:00:00,6.494142857142857
2020-03-27 00:00:00,6.809874999999999
2020-03-27 01:00:00,7.135749999999999
2020-03-27 02:00:00,7.332428571428572
2020-03-27 03:00:00,7.365933333333334
2020-03-27 04:00:00,7.245
2020-03-27 05:00:00,6.975266666666667
2020-03-27 06:00:00,6.647357142857143
2020-03-27 07:00:00,6.2815
2020-03-27 08:00:00,6.050588235294119
2020-03-27 09:00:00,5.982333333333334
2020-03-27 10:00:00,6.030916666666667
2020-03-27 11:00:00,6.252833333333332
2020-03-27 12:00:00,6.590888888888889
2020-03-27 13:00:00,6.9117500000000005
2020-03-27 14:00:00,7.119727272727274
2020-03-27 15:00:00,7.237999999999999
2020-03-27 16:00:00,7.136349999999998
2020-03-27 17:00:00,6.943105263157896
2020-03-27 18:00:00,6.626066666666665
2020-03-27 19:00:00,6.354266666666666
2020-03-27 20:00:00,6.11075
2020-03-27 21:00:00,6.072857142857144
2020-03-27 22:00:00,6.149909090909091
2020-03-27 23:00:00,6.377615384615385
2020-03-28 00:00:00,6.710916666666667
2020-03-28 01:00:00,7.040846153846153
2020-03-28 02:00:00,7.282499999999999
2020-03-28 03:00:00,7.343916666666666
2020-03-28 04:00:00,7.3365
2020-03-28 05:00:00,7.139764705882353
2020-03-28 06:00:00,6.7788421052631564
2020-03-28 07:00:00,6.443714285714287
2020-03-28 08:00:00,6.143823529411765
2020-03-28 09:00:00,6.023555555555557
2020-03-28 10:00:00,5.92725
2020-03-28 11:00:00,6.088117647058823
2020-03-28 12:00:00,6.348833333333334
2020-03-28 13:00:00,6.643400000000001
2020-03-28 14:00:00,6.9618
2020-03-28 15:00:00,7.1072500000000005
2020-03-28 16:00:00,7.075583333333333
2020-03-28 17:00:00,6.919142857142859
2020-03-28 18:00:00,6.7041666666666675
2020-03-28 19:00:00,6.454142857142856
2020-03-28 20:00:00,6.221615384615385
2020-03-28 21:00:00,6.100818181818183
2020-03-28 22:00:00,6.222666666666666
2020-03-28 23:00:00,6.2936250000000005
2020-03-29 00:00:00,6.5870999999999995
2020-03-29 01:00:00,6.972666666666665
2020-03-29 02:00:00,7.2267777777777775
2020-03-29 03:00:00,7.350916666666667
2020-03-29 04:00:00,7.339785714285715
2020-03-29 05:00:00,7.224411764705883
2020-03-29 06:00:00,6.952857142857143
2020-03-29 07:00:00,6.654
2020-03-29 08:00:00,6.278400000000001
2020-03-29 09:00:00,6.065090909090909
2020-03-29 10:00:00,5.995400000000001
2020-03-29 11:00:00,6.085545454545454
2020-03-29 12:00:00,6.235454545454545
2020-03-29 13:00:00,6.577785714285715
2020-03-29 14:00:00,6.8254166666666665
2020-03-29 15:00:00,7.006466666666667
2020-03-29 16:00:00,7.108875000000001
2020-03-29 17:00:00,7.020071428571429
2020-03-29 18:00:00,6.915
2020-03-29 19:00:00,6.63490909090909
2020-03-29 20:00:00,6.4482
2020-03-29 21:00:00,6.226100000000001
2020-03-29 22:00:00,6.251222222222221
2020-03-29 23:00:00,6.297249999999999
2020-03-30 00:00:00,6.574499999999999
2020-03-30 01:00:00,6.824473684210526
2020-03-30 02:00:00,7.1321666666666665
2020-03-30 03:00:00,7.2954444444444455
2020-03-30 04:00:00,7.356454545454545
2020-03-30 05:00:00,7.349823529411766
2020-03-30 06:00:00,7.114533333333333
2020-03-30 07:00:00,6.8053846153846145
2020-03-30 08:00:00,6.475699999999999
2020-03-30 09:00:00,6.278823529411764
2020-03-30 10:00:00,6.103466666666667
2020-03-30 11:00:00,6.149
2020-03-30 12:00:00,6.212916666666666
2020-03-30 13:00:00,6.406785714285713
2020-03-30 14:00:00,6.616
2020-03-30 15:00:00,6.862166666666666
2020-03-30 16:00:00,6.952333333333332
2020-03-30 17:00:00,6.949999999999999
2020-03-30 18:00:00,6.860363636363636
2020-03-30 19:00:00,6.682142857142858
2020-03-30 20:00:00,6.513555555555555
2020-03-30 21:00:00,6.294
2020-03-30 22:00:00,6.258636363636362
2020-03-30 23:00:00,6.303545454545456
2020-03-31 00:00:00,6.483866666666667
2020-03-31 01:00:00,6.6931111111111115
2020-03-31 02:00:00,6.893600000000001
2020-03-31 03:00:00,7.1286315789473695
2020-03-31 04:00:00,7.249083333333334
2020-03-31 05:00:00,7.250692307692306
2020-03-31 06:00:00,7.155333333333335
2020-03-31 07:00:00,6.926875
2020-03-31 08:00:00,6.7186
2020-03-31 09:00:00,6.441692307692307
2020-03-31 10:00:00,6.310499999999999
2020-03-31 11:00:00,6.1923571428571424
2020-03-31 12:00:00,6.221333333333333
2020-03-31 13:00:00,6.345111111111111
2020-03-31 14:00:00,6.521000000000001
2020-03-31 15:00:00,6.686625
2020-03-31 16:00:00,6.81325
2020-03-31 17:00:00,6.861428571428571
2020-03-31 18:00:00,6.745333333333334
2020-03-31 19:00:00,6.671833333333333
2020-03-31 20:00:00,6.543882352941177
2020-03-31 21:00:00,6.389
